country_name,indicator_name,1950,1951,1952,1953,1954,1955,1956,1957,1958,1959,1960,1961,1962,1963,1964,1965,1966,1967,1968,1969,1970,1971,1972,1973,1974,1975,1976,1977,1978,1979,1980,1981,1982,1983,1984,1985,1986,1987,1988,1989,1990,1991,1992,1993,1994,1995,1996,1997,1998,1999,2000,2001,2002,2003,2004,2005,2006,2007,2008,2009,2010,2011,2012,2013,2014,2015,2016,2017,2018,2019,2020,2021,2022
Albania,Annual average of general government debt (Percent of GDP),,,,,,,,,,,,,,,,,,,,,,,,,,,,,,,,,,,,,,,,,,,,,24.62986297,29.35958707,34.69008977,51.40934283,57.01023542,57.78952636,63.76868358,60.61278195,64.09691558,60.24456153,57.47427086,58.20335897,56.68810624,53.55030323,55.13980555,59.66648297,57.71955223,59.41262647,62.14446707,70.39106314,71.99229972,73.71633557,73.32440992,71.8947826,69.47204373,67.36766952,75.92687275,73.87775568,67.58120453
Australia,Annual average of general government debt (Percent of GDP),,,,,,,,,,,,,,,,,,,,,,,,,,,,,,,,,,,,,,,,17.01868331,16.40886431,21.60479126,27.62402397,30.66456218,31.70891541,31.15581428,29.34345567,25.90581133,23.705104,22.55713459,19.51087597,17.12075852,15.01844103,13.18856207,11.91036747,10.86644019,9.946039167,9.671217464,11.74252697,16.62270537,20.35162417,24.04729543,27.53389516,30.48484968,34.04545207,37.7517352,40.59348203,41.18076352,41.76247011,46.74403929,57.11501499,57.57556558,55.70183896
Austria,Annual average of general government debt (Percent of GDP),,,,,,,,,,,,,,,,,,,,,18.54768012,17.29404422,16.59026301,16.60300468,16.729632,22.71612813,26.04566606,28.3338731,31.97504617,33.94275788,35.39701995,37.26927874,39.49353541,43.41252222,45.75523601,47.50567987,51.66584659,55.1871111,57.3649586,56.33188174,55.93172813,56.13418572,56.02772548,60.62884438,63.72081531,67.86475594,67.80722447,63.0558096,68.81875724,61.10316575,65.73761835,66.35455391,66.97779746,64.89627689,64.8486579,68.31751648,67.00070643,64.7404975,68.41735773,79.57976921,82.4176655,82.17817383,81.66093159,81.01126485,83.75793983,84.4010895,82.54860909,78.6034506,74.07381052,70.63970656,82.93003011,82.2758044,77.78641131
Belarus,Annual average of general government debt (Percent of GDP),,,,,,,,,,,,,,,,,,,,,,,,,,,,,,,,,,,,,,,,,,,,,,,,,,,,,,,9.22274498,8.11509673,12.27415756,15.8131825,20.29502961,32.54684868,36.80521254,58.2233335,36.94622231,36.85947265,38.79060488,53.00688848,53.48163012,53.15984561,47.51523606,40.99921509,47.49331681,41.18201043,39.75269269
Belgium,Annual average of general government debt (Percent of GDP),,,,,,,,,,,,,,,,,,,,,66.596911,63.530368,64.934843,63.749321,61.750163,59.520607,61.38178,61.634648,65.154656,69.199777,76.79683297,89.68606378,99.63398118,110.2874037,114.6123876,119.3877865,124.6703069,129.2277405,129.6862028,126.4078344,130.3076054,131.7972204,134.68401,138.9258912,137.083405,131.2866706,129.0039573,124.2711991,119.1858966,115.3628057,109.5890411,108.216846,105.43668,101.6593113,97.16966512,95.14187016,91.49441336,87.32462407,93.16004344,100.2167557,100.2731729,103.4947123,104.8105134,105.4856445,107.040873,105.2303565,105.0052897,102.0202224,99.85436397,97.61723198,112.0354221,109.192693,105.2704215
Bosnia and Herzegovina,Annual average of general government debt (Percent of GDP),,,,,,,,,,,,,,,,,,,,,,,,,,,,,,,,,,,,,,,,,,,,,,,,,54.3973406,56.03887613,34.68628603,35.23008146,31.19818361,27.63518833,25.48658781,25.51515237,21.24532047,18.70922554,30.88539871,35.06660314,40.80536968,39.5501065,42.20738027,42.49906586,45.85871447,44.99106831,43.54834718,37.43792783,33.768526,32.08127452,36.03573527,34.39913887,29.55612452
Brazil,Annual average of general government debt (Percent of GDP),,,,,,,,,,,,,,,,,,,,,,,,,,,,,,,,,,,,,,,,,,,,,,,,,,,,67.33065899,76.09505434,71.51363985,68.02506448,66.96851566,64.59881948,63.02465919,61.42007777,64.7015844,62.43320187,60.63370964,61.61425483,59.59468189,61.61714915,71.72967654,77.42217842,82.74494012,84.77704569,87.11848081,96.00683885,90.06774701,85.33022814
Bulgaria,Annual average of general government debt (Percent of GDP),,,,,,,,,,,,,,,,,,,,,,,,,,,,,,,,,,,,,,,,,,,,,,,,96.22665233,67.45455165,75.34499948,71.50601041,65.80723848,52.97101966,45.67131226,37.5072359,29.01114851,27.11981749,24.19093147,18.78659453,21.28617603,22.10453321,21.19705248,22.79380552,23.60640655,33.71031379,31.55971351,35.80510174,31.69550749,28.82724632,26.83668043,32.5372898,33.70543171,33.45090884
Cambodia,Annual average of general government debt (Percent of GDP),,,,,,,,,,,,,,,,,,,,,,,,,,,,,,,,,,,,,,,,,,,,,,29.27991706,30.15086012,31.57620833,37.18330396,34.73696142,35.23455343,34.86881214,39.74832144,43.09941889,42.70341318,35.56103749,30.68224888,29.38733389,26.99534671,28.46516462,28.74403046,29.73549591,31.53411162,31.73374422,31.90119654,31.15669057,29.12416915,29.96948912,28.44722971,28.21594515,34.37457401,35.8802923,36.53300031
Canada,Annual average of general government debt (Percent of GDP),87.74990276,76.52091655,70.05431232,67.19253419,68.27731406,66.45611568,58.40476391,57.63237056,63.09635637,64.17539657,64.87454948,67.36043489,66.64120701,65.37795207,62.02505191,58.30895488,57.0714682,57.02400057,56.32038366,54.42540302,56.74467027,57.89217907,56.68972666,52.33052599,49.50274796,49.87721712,42.83613742,44.29954076,47.11791786,44.16117686,44.58972393,46.07713005,51.70667827,57.21124858,60.2129166,65.166256,69.32347974,69.76067963,69.74450024,70.98677718,73.74425055,81.65817152,88.22998847,94.73024763,97.48046648,100.084173,100.2438843,95.27249191,93.29018827,88.96566914,80.4366085,81.46203332,79.60406938,75.91179736,71.88939989,70.64040968,69.91983183,67.18147942,70.43923476,81.86967252,84.02026832,84.34796284,87.18466113,87.60507968,85.54051385,92.0288519,92.39682356,90.9422458,90.77611907,90.21016501,118.8722716,115.074087,106.5903468
Chile,Annual average of general government debt (Percent of GDP),,,,,,,,,,,,,,,,,,,,,,,,,,,,,,,,,,,,,,,,,43.13649252,36.96167883,30.29065919,27.96941162,22.56858692,17.21462519,14.58447562,12.77982284,12.11529662,13.2770075,13.14563998,14.34808447,15.04533003,12.57301756,10.31406492,7.039620478,5.022397668,3.901260294,4.915989057,5.844926448,8.607327483,11.1268896,11.93907292,12.78406359,15.01974784,17.37465994,21.1005049,23.65163895,25.798028,28.29772942,32.35258874,36.30329975,37.97683457
"China, People's Republic of",Annual average of general government debt (Percent of GDP),,,,,,,,,,,,,,,,,,,,,,,,,,,,,,,,,,,,,,,,,,,,,,21.61892076,21.42541234,20.60499338,20.66444073,21.86295593,22.98670716,24.57461999,25.91554619,26.80032058,26.39322588,26.31166052,25.56791961,29.16434045,27.15879761,34.56702283,33.92428554,33.7716055,34.39306235,37.0352853,39.96924113,41.48882375,50.70090143,54.95062048,56.65926946,60.40360647,70.13746813,71.83598094,77.09711192
Colombia,Annual average of general government debt (Percent of GDP),,,,,,,,,,,,,,,,,,,,,,,,,,,,,,,,,,,,,,,,,,,,,,,23.27629087,25.25240107,27.44223471,33.96861149,37.97217709,41.07851047,47.52608381,45.02134186,41.46550593,38.53249544,35.96908189,32.66325122,32.38241907,35.38676423,36.49703978,35.78344883,33.96657773,37.59225835,43.31883697,50.41909805,49.79631682,49.43631279,53.58409541,52.4009547,65.72204152,64.04178228,63.62620177
"Congo, Dem. Rep. of the",Annual average of general government debt (Percent of GDP),,,,,,,,,,,,,,,,,,,,,26.8185,22.8385,27.6462,31.3345,37.3196,39.876,47.8222,38.8873,36.3547,31.4369,33.2162,39.5615,39.0122,83.8047,59.2411,72.9381,78.4661,98.4783,86.5102,98.5557,120.533,119.099,123.159,97.6766,162.721,171.187,129.964,136.934,257.925,,134.9822586,181.616717,136.0422851,114.4640421,141.7589734,96.27997655,96.3028721,76.6339753,75.76060942,90.61666661,29.47861959,24.4398558,21.25970308,17.90739588,15.73208787,16.04686968,18.79200856,18.46960042,14.77776438,14.84686667,16.67380791,16.29416014,14.5801135
Costa Rica,Annual average of general government debt (Percent of GDP),,,,,,,,,,,,,,,,,,,,,,,,,,,,,,,,,,,,,,,,,,,,,,,,,,,,,,,,,,,,26.08662637,28.19932558,29.99169665,34.12077899,35.3877919,37.83696971,40.20435526,44.38598747,47.43411467,52.25587851,56.92240248,67.38081574,68.50710981,64.28826708
Croatia,Annual average of general government debt (Percent of GDP),,,,,,,,,,,,,,,,,,,,,,,,,,,,,,,,,,,,,,,,,,,,,,,,,23.19484003,29.83446846,35.22954925,37.52106878,36.73898449,37.28920688,39.26030491,41.78786539,39.38045021,38.18792413,39.93995868,49.75882724,58.25311138,63.4143467,69.02435739,79.16597687,82.43039508,82.07513339,79.38940652,77.47869462,74.45216822,71.94597061,86.77885473,78.58576141,67.53531786
Cyprus,Annual average of general government debt (Percent of GDP),,,,,,,,,,,,,,,,,,,,,8.428949,8.715105,9.90906,10.3789,13.64084,15.24771498,20.03077072,18.44221065,21.36111716,23.36121199,27.84964002,30.74322092,33.16170445,41.71972335,42.95788657,44.00536839,47.08501713,47.96634116,48.75833731,47.47559941,47.15125023,52.93526768,52.13610443,54.5322565,49.86685644,45.81979381,47.09145902,50.96278483,54.65763148,54.84340947,56.86119055,58.34245723,61.79843395,63.71824714,65.3548876,64.73961531,59.985625,54.03306399,45.54909099,54.29091591,56.2853267,65.75654267,80.11459231,103.6917142,108.7566065,107.538495,103.2497791,93.22233327,98.62007557,90.84617343,113.833752,101.2157144,86.5221367
Czech Republic,Annual average of general government debt (Percent of GDP),,,,,,,,,,,,,,,,,,,,,,,,,,,,,,,,,,,,,,,,,,,,,,13.57164604,11.57722679,12.19371251,13.95588661,15.18355886,16.98947613,22.70594767,25.83194536,28.15843868,28.36746604,27.70217686,27.55989228,27.32540439,28.11806493,33.35597524,37.0684996,39.72234606,44.15128034,44.42024992,41.85425538,39.69506925,36.58085173,34.23527655,32.05837404,30.04858156,37.6558534,42.01916704,42.34875512
Denmark,Annual average of general government debt (Percent of GDP),,,,,,,,,,,,,,,,,,,,,10.58423098,10.71915062,9.386813399,7.426156186,6.96835242,11.17865616,13.7259369,16.9420525,20.55399329,25.33786148,45.54706661,55.5609163,67.54686986,78.65740721,80.01645485,77.5581002,75.02048433,71.72594725,70.13782377,68.25435318,69.3897188,70.22333973,66.77031251,78.62700411,75.23686508,71.39268083,68.26099424,64.27827932,60.27949716,56.76408212,52.35430259,48.50830389,49.08095743,46.15009838,44.15591746,37.41225473,31.54940378,27.34595243,33.31318312,40.18179675,42.58788045,46.07088595,44.89420064,44.04560971,44.27026522,39.77369379,37.1930284,35.89335875,33.9999068,33.67339477,42.20825157,36.61969581,29.65821054
Egypt,Annual average of general government debt (Percent of GDP),,,,,,,,,,,,,,,,,,,,,48.78337585,50.93451119,50.49021315,53.12886048,52.42076821,72.14008148,71.52387323,74.49804246,97.73259904,122.0095406,115.7419276,121.4005352,127.7531096,117.9279712,116.9922542,113.9137355,116.0404656,95.64288144,90.25465293,83.22475042,86.93199053,122.4125398,129.8319684,113.4031019,105.7381897,97.51065153,88.13363695,80.19066897,76.41559949,73.30393499,69.46975486,76.62546481,85.7760132,97.09486426,96.51184915,98.2625574,85.92422878,76.26755743,66.76061466,69.45003841,69.58954106,72.82997563,69.86162455,79.81205004,80.87404103,83.75367718,91.5862984,97.80032277,87.94908062,80.09206576,86.22247505,89.90260134,88.53352682
El Salvador,Annual average of general government debt (Percent of GDP),,,,,,,,,,,,,,,,,,,,,,,,,,,,,,,,,,,,,,,,,,43.32923955,36.36082576,31.86847643,30.54932523,28.04096425,28.54794941,27.79086029,25.65223256,27.99490307,29.55130568,36.46886014,42.31616776,45.96156419,46.81303108,46.28656513,46.92339571,46.26331568,48.10621407,59.0607703,60.04231663,59.16568723,63.57319144,63.16576768,65.29558512,67.03793195,68.76625324,70.52634508,70.35368703,71.33035395,89.40176765,82.43908118,77.23605076
Estonia,Annual average of general government debt (Percent of GDP),,,,,,,,,,,,,,,,,,,,,,,,,,,,,,,,,,,,,,,,,,,,,,8.658979515,7.297896146,6.033451229,5.398262021,5.932732503,5.113705411,4.771671101,5.6618149,5.60014272,5.112774573,4.699702996,4.628957479,3.764938575,4.509548943,7.239669796,6.660968313,6.16048809,9.837196491,10.22802867,10.62388051,10.06913259,9.99682728,9.121984356,8.203709909,8.548255286,18.54871185,17.59934514,17.16018411
Ethiopia,Annual average of general government debt (Percent of GDP),,,,,,,,,,,,,,,,,,,,,7.360248974,8.051437396,8.278427254,8.110079815,7.672037796,10.94237779,13.53348565,14.27099203,15.86470142,17.29674978,18.54354668,30.64886233,48.80633384,55.21789436,65.35537511,67.69498859,75.70857143,82.28697464,84.31761526,84.7036504,91.61454602,89.25637825,88.93428294,129.8976237,144.7920129,138.2109799,128.9595617,77.43301976,86.01023304,94.25579532,93.63260064,97.32475753,107.3627759,103.6907278,103.1041126,78.23878453,67.53661425,39.31223921,32.25102062,29.96008807,39.43600082,44.82781113,39.32436931,44.09979954,44.16629126,50.67115489,53.12589479,55.21118674,58.38617144,55.78295998,53.89975206,53.78793711,46.37182262
Finland,Annual average of general government debt (Percent of GDP),,,,,,,,,,,12.65780231,10.73366484,11.43212737,12.82059204,13.01871808,13.90752663,13.94666819,14.32245478,14.30289411,13.64667782,11.97482887,10.81397694,9.841941703,8.0319899,6.375618973,6.763415887,7.091939868,8.219404705,10.6509967,11.04654623,10.89343455,11.54395939,13.85115492,15.37920641,15.17973534,15.83720205,16.4427562,17.64920219,16.53504151,14.26944431,13.85551748,21.89366101,39.28761058,54.13355225,56.12981518,55.15124456,55.30597651,52.21511276,46.8267012,44.0109994,42.42975037,40.89249661,40.11623991,42.68759596,42.57234281,39.86471306,37.99718908,33.90400007,32.56067743,41.53135953,50.11395109,51.93430793,57.66694241,60.55466203,64.45665766,68.33157083,68.02319395,66.04331886,64.86267187,64.89243261,74.75264076,72.59538976,74.80714921
France,Annual average of general government debt (Percent of GDP),,,,,,,,,,,,,,,,,,,,,,,,,,,,,21.07645067,21.14637135,20.82918299,22.03986392,25.35883779,26.68667142,29.0935321,30.69861117,31.30386106,33.68057543,33.63542528,34.43915031,35.58458767,36.47505507,40.22164789,46.55381795,49.88697879,56.10400953,59.99524063,61.42590718,61.35087314,60.4996863,58.88061897,58.34091796,60.25837795,64.41539837,65.93823191,67.38188068,64.61052154,64.53723163,68.77704052,83.03975063,85.25582008,87.83653465,90.60208617,93.41159434,94.8894414,95.58176009,97.95763808,98.13071501,97.78251314,97.42639895,115.0581872,113.001201,111.6708111
Georgia,Annual average of general government debt (Percent of GDP),,,,,,,,,,,,,,,,,,,,,,,,,,,,,,,,,,,,,,,,,,,,,,19.81784361,38.91238157,48.16709814,80.00764996,76.4551906,72.59749463,69.35378966,67.38977377,61.28695462,49.05761987,38.85334893,31.1743296,24.83548846,30.3182304,39.92779173,40.316032,34.96808945,33.47239582,32.54550083,31.1719907,38.78308176,42.20014065,41.59784649,41.40643955,43.23624875,63.95187211,53.1437225,42.26514473
Germany,Annual average of general government debt (Percent of GDP),18.88069931,16.74777322,15.76268259,20.63722313,21.89018104,20.2843677,18.87934225,18.14370324,18.0013586,17.73535269,16.5719988,16.36538948,15.90920752,16.68179587,16.69955481,17.32554038,18.12119029,20.80627018,20.88179532,18.77995609,17.72551416,17.80542318,18.02771462,17.38964512,18.59122005,23.74598759,25.1731498,26.13036319,27.46913867,28.34716703,30.24544559,33.73686345,36.57167819,38.10484883,38.79981234,39.37304692,39.2304065,40.25500368,40.67340407,39.33695992,40.88555162,38.98461344,41.45370903,45.09535151,47.53698997,54.90243375,57.79392936,58.86658338,59.53470478,60.38737934,59.33985747,58.19303672,59.94577184,63.53834606,65.2008822,67.54631147,66.88710651,64.1583085,65.68162451,73.15660355,81.99469662,79.41716539,80.74516175,78.32244295,75.27910146,71.94651343,68.95532006,64.63567747,61.316347,58.92556273,67.98601058,68.62297494,66.53529176
Greece,Annual average of general government debt (Percent of GDP),,,,,,,,,,,8.644310893,9.019527957,9.751462088,11.55826225,12.41860355,12.788068,14.45030137,16.1497486,17.40064716,18.89984862,18.79019547,19.16427371,20.05575537,16.5499464,17.46891348,19.14891518,18.64332118,18.80569431,24.38921979,22.71345173,22.71775126,26.90827336,29.55909407,33.87629227,40.40121506,47.01766327,47.54278289,52.85835983,57.55434458,60.33001554,73.7765275,75.31778092,80.64763427,101.1411771,99.1313692,99.83203112,102.1973612,100.2980377,98.25370755,99.74822855,105.8277105,107.9921808,105.7551116,102.3191053,103.7483991,108.3088261,104.4930193,103.9799421,110.3468251,127.8232072,147.4942443,175.2193716,162.1142313,178.8433621,181.7530282,179.0803262,183.6956588,183.205711,190.6740775,185.5050558,212.3881162,200.712458,177.4342766
Honduras,Annual average of general government debt (Percent of GDP),,,,,,,,,,,,,,,,,,,,,,,,,,,,,,,,,,,,,,,,,200.2961589,122.210465,116.509224,107.9737071,86.42949085,65.37848851,64.64275591,70.84132878,64.24117264,68.32123227,61.50051177,58.69819016,53.07916409,57.61832262,56.81127318,43.59462012,28.67312852,17.00679176,18.49231885,21.62511157,24.34853835,26.93210594,30.51180063,37.11970265,37.62979462,37.88880655,38.65412071,40.36409424,41.07941424,41.57275371,51.16273078,49.21779348,46.97952048
Hungary,Annual average of general government debt (Percent of GDP),,,,,,,,,,,,,,,,,,,,,,,,,,,,,,,,,,,,,,,,70.68787193,63.65202592,74.23855625,76.48393169,87.24094022,86.16151107,84.15554639,71.4070836,62.0401582,60.07659426,60.01513549,55.22795918,51.69983494,54.88880001,57.3708243,58.15492785,59.99551847,64.06316132,65.05827581,71.13347462,77.34338166,79.49112997,79.77407617,77.36916402,76.01028179,75.10987981,73.83861211,72.80736923,70.23944158,67.31583962,63.76581178,77.3193651,74.55092566,75.9316496
Iceland,Annual average of general government debt (Percent of GDP),14.551616,14.449046,13.642236,10.718979,9.255047,8.5625906,6.7108068,6.6477082,5.1131326,4.9617047,13.63206,8.4949271,7.466512,7.8944387,7.9748071,7.7793918,5.563,8.7958246,14.221076,14.641349,11.442099,11.748565,14.543656,11.46252,12.541627,16.387483,17.174001,18.375301,19.803421,21.067239,24.77404794,22.37204672,28.94808796,30.75143766,32.42485785,32.01679135,29.86555993,27.32604298,30.58822054,35.28609733,35.48994228,37.60761909,45.40109193,52.29381952,54.80842253,58.0702685,55.57469473,52.04771194,50.28049061,76.59295788,75.79630222,83.38267207,82.15995036,85.06785988,80.86139933,68.9310711,70.65103172,68.40431392,110.3566564,128.7733393,133.1411027,138.175896,133.9249529,121.9603014,115.2991334,97.32297408,82.47148949,71.74225641,63.24671525,66.57563719,77.78802949,75.57490968,68.72586565
India,Annual average of general government debt (Percent of GDP),,,,,,,,,,,,,,,,,,,,,,,,,,,,,,,,,,,,,,,,,,75.33224179,77.40538509,76.97819715,73.46440213,69.65384282,65.97664655,67.8180393,68.0898994,70.03846782,73.64908525,78.7296517,82.8511742,84.40273502,83.42726289,81.01194047,77.21379846,74.11714964,72.83659997,71.51815833,66.40021738,68.64782852,67.98453168,67.71335289,67.10204106,69.04858704,68.94309137,69.66938259,70.39234444,75.0403963,88.53438803,84.68409875,83.12603433
Indonesia,Annual average of general government debt (Percent of GDP),,,,,,,,,,,,,,,,,,,,,,,,,,,,,,,,,,,,,,,,,,,,,,,,,,,87.43729874,73.70211495,62.33938104,55.64269163,51.3281725,42.61172721,35.84773409,38.12093951,30.25203746,26.48312574,26.36312516,23.10601775,22.95466378,24.88437728,24.68163127,27.01330396,27.95546088,29.39553714,30.42272335,30.56345469,39.74712557,41.14045424,39.93375684
Ireland,Annual average of general government debt (Percent of GDP),,,,,,,,,,,,,,,,,,,,,,,,,,,,,,63.45720731,64.60148444,68.78193635,73.45046583,86.14698166,90.23141547,92.95883077,107.2311383,108.2638875,106.5077772,97.92050904,92.65618544,93.7630329,90.56709165,93.3685148,88.02023205,78.5219281,69.83340271,61.57838617,51.41388271,46.5701415,36.40134198,33.55683149,30.87354226,29.81879006,28.08727817,26.05386774,23.6452227,23.94230476,42.5137359,61.75437562,86.16277958,110.4976646,119.5946246,119.9404871,104.2528129,76.6890895,74.25260727,67.59301861,63.02142173,57.01173238,58.4014151,55.37940758,45.18986979
Israel,Annual average of general government debt (Percent of GDP),,,,,,,,,,,,,,,,,,,,,,,,,,,,,,,,,,248.9997936,271.4672502,190.2350028,155.3208649,136.9267658,138.9631479,140.9277016,132.1711938,118.2187075,114.3676242,113.099895,105.3383988,93.64392442,92.10258306,90.66740164,92.35753254,86.87852588,77.41887794,81.2592607,87.32158559,89.7095419,88.30191326,85.38198279,77.67141346,70.93723755,70.37338945,72.95718211,69.32042844,67.42501697,67.11979441,65.9612052,64.85009531,63.13343975,61.44069338,59.67701285,59.885415,58.82406245,70.67589368,67.98442116,60.9311689
Italy,Annual average of general government debt (Percent of GDP),31.03978633,31.47486088,33.54743026,34.49679926,36.30897573,36.27264326,35.31276022,34.6942163,34.63829895,35.86820874,32.16454251,30.78178599,29.72423661,27.91654759,27.94240691,29.13176325,34.09616334,33.91315778,36.41592105,37.06249514,37.83418156,42.52229849,48.30176611,51.18137909,50.86001936,58.00135721,57.36638377,56.05275437,60.01839935,58.97391987,55.18596252,57.3961186,61.90663898,67.9360622,73.25931693,79.23792624,83.53742749,87.56078022,89.38230784,91.94707616,95.46416368,98.81806612,105.5434851,115.6837783,121.7935325,119.3620869,119.1094729,116.7821242,114.1269198,113.2895146,109.0258771,108.8863068,106.3604716,105.494516,105.1009122,106.5575353,106.7396779,103.8895365,106.1639479,116.6096451,119.1984153,119.6929811,126.4946935,132.4571138,135.3670502,135.2811289,134.7850714,134.1626182,134.4431135,134.1498413,154.9273504,149.8933053,144.4079879
Japan,Annual average of general government debt (Percent of GDP),,,,,,13.52099475,14.90942583,12.03566939,12.8483611,12.13723906,10.42730248,8.45182268,9.0258905,8.667781306,8.536576733,9.791713339,11.23106815,11.37195708,11.83319439,11.45160486,11.26360653,12.62172087,16.32693782,15.91730952,16.72733362,20.91738675,26.13237313,31.14434019,39.09881631,43.87103821,47.83923233,52.8757351,57.78675433,63.62328749,65.63208199,68.29383412,74.03838111,75.72810469,71.75020161,65.51408052,63.02197338,62.22622852,66.63786867,72.71211725,84.36117312,92.52557832,98.05354002,104.970938,116.0199472,129.5011891,135.6086032,145.1235287,154.0956573,160.0207608,169.4899272,174.5939274,174.1415908,172.9503523,180.8502383,198.8062959,205.8799012,219.1620649,226.0937118,229.463716,233.2863349,228.2851367,232.429662,231.3193376,232.3862651,236.4307096,258.708613,255.3940238,261.2888099
Kazakhstan,Annual average of general government debt (Percent of GDP),,,,,,,,,,,,,,,,,,,,,,,,,,,,,,,,,,,,,,,,,,,,38.86240054,23.99742954,21.47210796,12.70391679,17.96949851,22.46633511,32.70087182,25.33531363,20.47033157,17.59185583,14.96247776,11.39157642,8.09949616,6.66731105,4.091989933,6.765869645,10.2270276,10.68273378,10.16100843,12.12526936,12.60250618,14.49634168,21.88193415,19.67735406,19.86943149,20.25853835,19.94373018,26.3571346,25.10045025,23.4974193
Kiribati,Annual average of general government debt (Percent of GDP),,,,,,,,,,,,,,,,,,,,,,,,,,,,,,,,,,,,,,,2.106712944,4.270463983,6.558132273,7.341486952,9.353556321,13.69322705,15.03827886,15.03376964,13.42022987,12.78516612,11.19262836,13.23929113,11.85099387,15.39567544,11.77615209,11.24767138,11.9835174,10.53447969,11.34045067,9.925296301,12.89298369,9.345188176,8.51074969,8.063383675,7.460382555,8.325126485,8.788464948,19.99570932,23.47370358,22.81249769,21.60001176,22.42793685,20.60050524,17.08063221,15.21398324
"Korea, Republic of",Annual average of general government debt (Percent of GDP),,,,,,,,,,,,,,,,,,,,,,,,,,,,,,,,,,,,,,,,,13.17983637,12.29378824,12.01856373,11.22283086,9.954316054,8.779650507,8.079735087,10.02479329,14.3205594,16.33510339,16.68198959,17.2294276,17.04128482,19.80318979,22.42164116,25.89927096,28.12078144,27.43075318,26.94866804,29.98379389,29.48995895,33.06125,35.03895845,37.68608504,39.70749791,40.7835754,41.217165,40.05015639,40.02228436,42.12526892,48.69826563,51.33084129,54.33095925
Kyrgyz Republic,Annual average of general government debt (Percent of GDP),,,,,,,,,,,,,,,,,,,,,,,,,,,,,,,,,,,,,,,,,,,,,42.40065895,52.42566293,57.65178787,64.80258312,85.12334899,119.5696261,123.3026537,108.2074942,107.9414737,108.2302789,92.66645627,85.66070891,73.35468993,57.743779,49.011562,58.49440133,59.69858981,50.05575903,50.47787935,47.12475568,53.59678577,67.0873453,59.07281848,58.78610661,54.81799104,51.60290605,67.64761225,59.47031237,53.52825682
Latvia,Annual average of general government debt (Percent of GDP),,,,,,,,,,,,,,,,,,,,,,,,,,,,,,,,,,,,,,,,,,,,,,9.47248341,8.728211901,7.263910768,9.551670418,14.42137805,14.71939309,17.45958752,14.88752907,14.31811176,13.74444461,11.10523902,9.11362371,7.202256109,16.13533137,32.40768595,40.06895681,38.50780267,36.65742291,35.89611592,38.46481063,34.58139927,38.55364032,38.98062297,37.09873251,36.65937674,42.08714997,44.71518025,41.60925329
Lithuania,Annual average of general government debt (Percent of GDP),,,,,,,,,,,,,,,,,,,,,,,,,,,,,,,,,,,,,,,,,,,,,,11.53113957,13.91692067,15.37398485,16.54033131,22.70231146,23.51813293,22.92290329,22.16658763,20.38865098,18.6858181,17.6448999,17.26124898,15.88932588,14.58083282,27.99000636,36.20901837,37.13358793,39.70075007,38.67053277,40.52617048,42.68121899,39.89570557,39.33835269,33.66282033,35.82969727,46.3346427,44.02627316,39.56099703
Luxembourg,Annual average of general government debt (Percent of GDP),,,,,,,,,,,,,,,,,,,,,,,,,,,,,,,8.825976331,9.311645833,9.838907875,9.995845597,9.991041391,10.39248711,8.565946485,7.182054152,5.913430879,5.092906296,4.717094012,4.080357831,4.825920505,6.027915737,5.495015373,10.28294612,10.16788578,10.06266645,9.512498467,8.39817671,7.494964348,7.636515913,7.454320099,7.439195037,7.834150425,7.956144117,8.210095099,8.099729026,14.6349876,15.28884245,19.09241628,18.50571704,20.85169216,22.40287119,21.85212574,21.11709123,19.59027185,21.79570491,20.9082653,22.38587738,24.51092838,24.52908223,24.30510434
Malaysia,Annual average of general government debt (Percent of GDP),,,,,,,,,,,,,,,,,,,,,,,,,,,,,,,,,,,,,,,,,74.12853607,67.31925419,59.10920591,51.13440651,43.7231424,38.16575251,32.76918957,29.62034967,33.63642257,34.36252183,32.51787886,38.06503023,39.53211442,41.39313082,41.96013186,40.77780568,39.66165414,39.34831413,39.36085383,50.40802955,51.2122136,51.89832213,53.78750194,55.65645269,55.37306788,56.97077193,55.78749089,54.3955448,55.64596348,57.08252195,67.71650218,69.3110785,66.26501494
Malta,Annual average of general government debt (Percent of GDP),,,,,,,,,,,,,,,,,,,,,,,,,,,,,,,,,,,,,,,,,,,,,,37.6007883,42.71627099,50.45992136,55.08134286,65.89649274,60.65468148,64.88814204,63.14999697,68.62840526,71.28516128,69.90159234,64.27721769,61.90722827,61.82705473,66.34083344,65.47283343,70.01561679,66.63625032,66.44223029,62.08703063,56.24950609,54.73511853,47.7975423,43.70950843,40.32255791,52.94698113,55.08561571,53.36827596
Marshall Islands,Annual average of general government debt (Percent of GDP),,,,,,,,,,,,,,,,,,,,,,,,,,,,,,,,,,,,,,,,,,,,,,,,8.624042821,17.86397886,25.61227658,27.40881384,32.85621487,37.24463963,43.81472191,46.94448749,46.21509581,44.86626213,42.82179047,42.5332262,41.60298449,38.99660381,35.94322464,37.5925424,33.63174348,35.69006849,33.85244995,29.26437213,25.57516059,24.51272796,24.83755107,21.62070779,19.77704696,21.19600272
Mauritius,Annual average of general government debt (Percent of GDP),,,,,,,,,,,,,,,,,,,,,16.10440025,18.70880915,20.6260993,16.46099587,23.67225786,23.33894432,18.91776891,26.97476941,35.77560051,40.58884309,45.78480069,50.40340623,58.3159132,55.30689311,57.20872956,64.49811543,57.163963,48.66835139,45.62790434,43.49648771,46.71579608,40.12352016,36.71909953,34.09114377,39.26360326,45.45550054,42.9467896,43.96942907,43.43556867,44.06260465,59.73040388,60.49219054,66.69559161,70.78686374,61.14267219,61.65042435,59.32010989,51.58523526,49.40255886,58.41525417,56.39528949,56.57076625,56.01450217,58.27519601,60.71472283,65.17039318,64.81010679,63.89277187,65.03528668,75.60475525,96.33983584,97.05288442,87.0430447
"Micronesia, Fed. States of",Annual average of general government debt (Percent of GDP),,,,,,,,,,,,,,,,,,,,,,,,,,,,,,,,,,,,,,,,,,,,,,53.98955775,43.85280358,47.16986298,42.12590278,35.80530626,26.98377904,23.60149685,23.95647281,24.57407584,25.33756487,24.69078973,25.01106788,25.65737743,28.94363361,30.74805773,28.84038047,28.32951123,27.00854817,27.6382927,28.10054362,25.62882462,24.19088296,21.92296131,19.55553313,17.77545279,18.27148342,15.50011908,14.02640222
Moldova,Annual average of general government debt (Percent of GDP),,,,,,,,,,,,,,,,,,,,,,,,,,,,,,,,,,,,,,,,,,,,,,79.48033208,87.49198403,89.0488927,159.4098516,150.7389393,89.10371953,85.38007566,80.34243819,68.0591109,49.33455108,40.42122213,34.9844222,28.27624633,22.19530894,32.60965727,25.47463406,24.2007289,31.33295652,29.97430372,34.96112044,42.38114371,39.23241759,34.86044799,31.79954792,28.79207112,36.63331252,33.09458298,33.52287987
Mongolia,Annual average of general government debt (Percent of GDP),,,,,,,,,,,,,,,,,,,,,,,,,,,,,,,,,,,,,,,,,,,,,,,,,,,,,,,,,,,,,,,,49.42344757,56.2730663,65.0920234,95.34348261,102.816597,90.69398592,79.24571134,97.37321435,79.74801689,82.42665122
Montenegro,Annual average of general government debt (Percent of GDP),,,,,,,,,,,,,,,,,,,,,,,,,,,,,,,,,,,,,,,,,,,,,,,,,,,,,76.70806112,40.8970994,45.37153379,38.56823946,36.69166941,31.75750652,34.18454745,43.68868018,45.00670381,48.57171124,56.86996951,58.65372098,63.35979127,68.76040372,66.3904388,66.20697406,71.88493857,78.79310662,107.3497817,86.63577024,71.23084735
Nauru,Annual average of general government debt (Percent of GDP),,,,,,,,,,,,,,,,,,,,,,,,,,,,,,,,,,,,,,,,,,,,,,,,,,,,,,,,,,,,246.6835962,242.4979505,188.9391965,123.0793655,126.8917694,112.5216893,82.20051059,81.7540334,77.97175234,71.05593925,59.57019911,56.2686951,24.75310072,24.2645344
Netherlands,Annual average of general government debt (Percent of GDP),143.9304116,124.1011605,112.00364,106.3912789,92.99076682,83.97402143,78.58664653,76.15067179,78.65144409,76.98284227,69.9586204,69.10602229,66.88824264,64.70131464,59.88465636,58.46325475,58.24540758,57.66390672,57.03277875,48.25178475,46.14901707,43.72012143,41.38464486,38.16917042,36.33119017,36.10430409,35.20041558,34.96656675,38.1425585,39.5162636,43.61797228,46.94356526,52.51786247,58.48455533,62.00464725,67.18772886,69.04610987,71.39305239,73.79867519,73.84436663,75.12602539,74.91998785,75.69628905,76.7732147,73.60093263,73.13797425,71.38541893,65.80561773,62.76645659,58.69655914,52.17596188,49.5228075,48.86408308,50.00741015,50.31155179,49.78135103,45.18327044,42.98997044,54.69670796,56.77003146,59.25057925,61.69869257,66.2201401,67.67964292,67.87271428,64.64693163,61.90019722,56.95011556,52.43498922,48.54923714,54.66950397,52.43450154,48.50673189
Nicaragua,Annual average of general government debt (Percent of GDP),,,,,,,,,,,,,,,,,,,,,,,,,,,,,,,,,,,,,,,,,,,,,,,,86.40458023,86.46996253,99.82642823,95.21935516,87.47554561,110.3854946,109.5402051,84.04752196,66.60760263,51.1556697,30.91601851,25.99924719,29.25814567,30.34713954,28.79434284,27.8524598,28.83544601,28.68961635,28.91078315,30.91591551,33.77795473,37.36557057,41.40847054,47.6977238,47.55235016,45.95595644
Nigeria,Annual average of general government debt (Percent of GDP),,,,,,,,,,,,,,,,,,,,,,,,,,,,,,,,,,,,,,,,,,,,,,,,,,,,,,,,,,,,,,17.43077218,17.57681499,18.28929655,17.54075038,20.32834306,23.41008947,25.34044359,27.68926889,29.17047825,34.4859453,36.50954369,38.01732474
North Macedonia ,Annual average of general government debt (Percent of GDP),,,,,,,,,,,,,,,,,,,,,,,,,,,,,,,,,,,,,,,,,,,,,53.24852518,21.31674726,23.48677907,29.33717571,33.10289596,30.44527579,45.56081304,45.21449984,40.46423622,36.46125514,34.58001664,36.66908957,30.58567976,23.53159519,20.64167118,23.7293378,24.2726622,27.72804274,33.66203126,33.96896894,38.01526617,38.07670223,39.80950934,39.38273354,40.42527386,40.44843452,50.84599646,53.41082954,51.7992192
Norway,Annual average of general government debt (Percent of GDP),,,,,,,,,,,,,,,,,,,,,41.06740431,41.07110198,41.56505871,40.26347657,37.78653574,39.08161328,40.79112949,46.57125493,53.43634146,56.89314842,47.68323463,43.39529962,38.48839113,35.4054234,35.21236385,36.92142803,45.9957174,38.51939361,32.42962234,32.33806646,28.94420105,39.24169778,44.99518646,53.65169809,50.64337998,32.73774606,28.44587849,25.75691731,23.57385989,24.95949352,28.66787001,27.23339178,33.94499871,43.07761743,43.8290319,42.32658567,52.58702523,49.51507813,47.54502363,42.54395601,42.9516023,29.61085494,30.90832538,31.42717537,29.66097862,34.33425458,37.90698757,38.31382897,39.40629333,40.5564625,46.10909774,42.70327268,39.60327268
Panama,Annual average of general government debt (Percent of GDP),13.47352025,12.55214259,12.53623188,13.09401709,13.4765625,16.04826546,15.71675302,16.51424092,19.91614256,21.64973991,22.91967292,27.19430666,25.93106181,24.98659517,25.76564581,25.56447947,33.19888734,35.65630074,38.17042025,30.19885763,32.31329332,35.33618209,37.84920635,40.96586178,43.83461842,38.00954033,52,55.07269093,63.10190824,69.0161121,74.89095347,76.54230528,80.86028501,86.57474601,82.53647455,82.54165124,83.99059444,92.20403313,105.0353882,104.4036829,112.6521037,107.4702164,94.55326884,86.59656396,81.2205705,79.46327524,67.4029944,62.38577855,60.25525288,57.44660315,55.81119598,60.18547505,59.33148994,58.81310606,61.18374671,61.72657277,56.94657612,49.36498961,41.64691864,41.61930444,40.54266416,37.82355196,36.03500689,35.62973985,36.55451057,36.00133484,35.30317562,35.25583609,37.31459772,41.89657387,65.56167702,58.43270736,54.89206692
Peru,Annual average of general government debt (Percent of GDP),,,,,,,,,,,,,,,,,,,,,,,,,,,,,,,,,,,,,,,,,,,,,,,,,,51.46426219,48.30429597,47.44094916,48.81298961,48.84522983,44.68554988,41.8482393,33.81813951,29.57498584,26.5266385,26.67629167,23.58234031,21.41973883,19.7483983,18.88209308,19.29656305,22.57268705,23.05173205,23.26227091,23.55546724,24.76783865,32.42546249,33.70585041,31.48530284
Philippines,Annual average of general government debt (Percent of GDP),10.88748926,10.39568345,9.737680804,12.71770556,12.16746572,13.14629049,14.49665072,13.73540514,16.02595026,16.79334554,13.8351074,13.81732081,13.30007526,11.81801219,11.8279368,12.63556764,12.77371028,12.9503239,13.47658931,14.56555687,14.14767486,13.55696058,15.39309508,13.84988837,12.40581744,12.46251536,15.99638428,18.56092034,21.46151905,20.70725113,22.70660153,25.11058434,29.61575981,38.33836283,40.24271753,47.44469631,68.35306566,69.96560731,60.94772647,55.22040923,56.18410594,55.59742035,53.90982939,68.59660405,63.60262457,60.84895184,53.07438834,56.89060217,50.77332545,54.21773119,59.20274492,59.47094105,65.18395027,71.39296805,71.08231103,64.67429292,57.18854235,50.16761729,50.01009292,49.80529582,47.5865133,45.43361819,45.69117431,43.79675755,40.24023785,39.63994356,37.34332355,38.10835295,37.13401628,36.96650412,51.63803733,56.99936535,57.5197041
Poland,Annual average of general government debt (Percent of GDP),,,,,,,,,,,,,,,,,,,,,,,,,,,,,,,,,,,,,,,,,89.97216054,77.17774091,82.2034583,84.17934108,64.47896231,48.89218593,43.30446878,42.84149263,38.81290584,39.48905203,36.51122526,37.27833887,41.69652846,46.56318505,45.11293908,46.60381953,47.27128828,44.49940173,46.73496007,49.82090334,54.01032636,55.13372203,54.7840763,57.11583031,51.38971615,51.34457021,54.50136679,50.79700665,48.70514151,45.70105954,57.17475457,53.75465782,49.57697819
Portugal,Annual average of general government debt (Percent of GDP),,,,,,,,,,,,,,,,,,,,,20.63561687,20.32136586,19.01281928,17.80762716,17.4444899,25.29526656,30.799261,32.22837481,36.16204346,24.67696221,35.0032259,43.19518294,47.21918558,51.29774665,56.8893771,61.2459845,60.80911753,58.21155703,57.79814571,56.31819758,60.21295952,63.91537968,58.09567537,57.23103132,60.4213163,62.21470404,63.31225968,58.71551017,55.61569741,55.40553647,54.19308567,57.38018238,60.04374477,63.89730659,67.09949661,72.24908185,73.67942697,72.72796173,75.64259185,87.79908834,100.2144637,114.4030365,129.0350431,131.4297479,132.9406999,131.1791232,131.5057446,126.1434846,121.4813324,116.60779,134.8974087,125.383357,116.048265
Romania,Annual average of general government debt (Percent of GDP),,,,,,,,,,,,,,,,,,,,,,,,,,,,,,,,,,,,,,,,,,,,,,6.905735524,10.99486746,15.03070109,16.46633489,21.72189731,22.48658701,25.86944188,24.82079706,22.10933234,18.94524585,15.90510974,12.42358414,11.9491575,12.33618594,21.78073455,28.97053187,32.34939245,35.37301976,37.82159645,39.19936479,37.77330959,37.89288467,35.31510603,34.46282636,35.10987929,46.85767128,48.63739538,47.19494549
Russian Federation,Annual average of general government debt (Percent of GDP),,,,,,,,,,,,,,,,,,,,,,,,,,,,,,,,,,,,,,,,,,,,,,,,,135.1933021,92.37937854,55.86837126,44.43815523,37.5771881,28.33419775,20.82789827,14.85062992,9.803901173,8.032695583,7.44624468,9.918191753,10.10526429,10.34015419,11.16743956,12.3480622,15.13583188,15.28641254,14.8493203,14.31106446,13.61960998,13.74751887,19.1561163,16.45502493,19.59681608
Saint Kitts and Nevis,Annual average of general government debt (Percent of GDP),,,,,,,,,,,,,,,,,,,,,,,,,,,,,,,,,,,,,,,,,,,,,,,48.85771389,66.52270291,77.41614292,89.18483717,96.47671616,105.1749119,119.7173704,140.6837984,153.1296707,156.7802384,141.9195284,133.995905,124.6317548,131.9499036,141.6644815,132.0772597,122.598974,90.99377952,72.29440247,64.54299857,57.39996126,55.84425594,53.70086354,54.09619754,63.06222089,69.96912353,64.75249737
Saint Vincent and the Grenadines,Annual average of general government debt (Percent of GDP),,,,,,,,,,,,,,,,,,,,,,,,,,,,,,,,,,,,,,,,,53.8717017,51.98833813,49.51550807,48.02396828,52.75229671,46.74207953,40.62839167,38.74435635,39.48341581,52.78578163,54.19462488,51.90354643,53.15213465,55.2612409,58.51630743,50.48778731,44.71487544,48.42449158,50.22771283,57.24846512,61.09752644,63.98878728,67.80938513,70.01754209,75.06892975,75.07456889,79.43360295,68.98136013,69.39605708,68.07469545,79.52078392,89.26683832,86.79871504
Serbia,Annual average of general government debt (Percent of GDP),,,,,,,,,,,,,,,,,,,,,,,,,,,,,,,,,,,,,,,,,,,,,,,,,,,213.7821748,100.6181333,71.65617016,67.62977203,59.13274662,51.3117465,37.97185928,31.20431739,30.55626442,33.92538949,39.76635593,43.70927164,53.86940611,56.40619231,66.24169467,69.85421469,67.42605726,57.50036383,53.30461739,51.71075748,56.88815041,56.25705651,53.53931634
Slovak Republic,Annual average of general government debt (Percent of GDP),,,,,,,,,,,,,,,,,,,,,,,,,,,,,,,,,,,,,,,,,,,,27.61442598,24.25579005,21.59280038,30.63568861,32.98877176,33.91735735,47.05057113,50.45181627,51.11259839,45.29741893,43.24184236,41.71503318,34.73181515,31.42700501,30.34542156,28.59885844,36.36089897,40.61490673,43.15596795,51.72907278,54.69253404,53.49259048,51.68534558,52.27496182,51.4614993,49.40800915,47.97463717,58.90238798,62.18588553,58.82059317
Slovenia,Annual average of general government debt (Percent of GDP),,,,,,,,,,,,,,,,,,,,,,,,,,,,,,,,,,,,,,,,,,,,,17.88770356,18.24086962,21.56116997,22.058324,22.73023359,23.71042458,25.91789105,26.06240868,27.35777347,26.7774945,26.8971558,26.39874972,26.060997,22.84801916,21.78596101,34.5264627,38.26927255,46.45789765,53.56148853,70.00554117,80.29903651,82.58773567,78.52019257,74.15028144,70.28967027,65.42408084,79.59111625,74.46832963,69.91927254
Spain,Annual average of general government debt (Percent of GDP),,,,,,,,,,,,,,,,,,,,,,,,,,,,,,,16.12668019,19.4738903,24.45865018,29.55313013,36.06834747,40.91713736,42.12589279,41.96751028,38.55001469,39.9194863,41.35587769,41.91605628,44.18812686,54.63545321,57.09019874,61.66342811,65.69288876,64.40887911,62.46834603,60.7629298,57.81533671,54.04952903,51.24999213,47.71173551,45.36550439,42.43016282,39.0638758,35.76457534,39.71200388,53.26130253,60.51524971,69.85044244,89.98251302,100.487736,105.0588201,103.2992201,102.7485308,101.7995707,100.4154813,98.22100412,120.3755659,118.3859681,111.9775054
Sweden,Annual average of general government debt (Percent of GDP),,,,,,,,,,,,,,,,,,,,,27.31033438,27.66429557,27.52492142,26.86825946,27.21389198,26.44985001,24.67604376,26.77941246,30.93179199,35.44456377,39.57801416,46.68129727,55.28363832,58.53425516,59.63902513,59.31958994,58.82231533,52.34417857,46.92911563,42.66355137,38.74426962,46.5935102,58.62474947,65.71050262,68.15032278,68.32512277,68.67886282,67.4293578,65.13073109,60.06735998,50.22920074,51.7630688,49.7670817,49.27086635,48.47621753,48.76808417,43.66659107,38.97691699,37.51052457,40.73905914,38.06559863,37.14909581,37.49932542,40.16092413,44.87215514,43.7386955,42.25544509,40.73041543,39.19258639,35.19382353,39.51100498,36.26390506,31.68581409
Switzerland,Annual average of general government debt (Percent of GDP),,,,,,,,,,,,,,,,,,,,,,,,,,,,,,,,,,33.32248457,33.00522199,32.41793368,31.12878874,30.23928137,28.99361227,26.94150622,33.33142994,35.09240697,39.48721813,44.37240219,47.07891892,50.01412975,51.34809356,53.68526635,55.95122157,52.68958715,52.25031276,51.09173221,57.71462919,56.87674359,57.80672009,54.9131108,48.49127073,44.77485794,44.81588364,43.10317633,41.46446669,41.89539558,42.58022823,41.96803798,42.06743517,42.15226292,40.94675493,41.76820026,39.79131698,39.63973078,43.33265937,41.48298349,39.12240913
Taiwan Province of China,Annual average of general government debt (Percent of GDP),,,,,,,,,,,,,,,,,,,,,,,,,,,,,,,,,,,,,,,,,,,,,,,,24.98249025,23.68664506,23.69011463,26.22729485,30.12556341,29.7788214,32.14996042,33.44575195,34.06781358,33.2969738,32.15654512,33.35318323,36.71079524,36.88986294,38.34263029,39.20493345,38.89474686,37.48843265,35.94143211,35.36392039,34.51358081,33.91482742,32.72549807,32.13629598,30.13605237,27.46548828
Tajikistan,Annual average of general government debt (Percent of GDP),,,,,,,,,,,,,,,,,,,,,,,,,,,,,,,,,,,,,,,,,,,,,,,,,96.56652361,107.8066914,111.4289075,99.44864407,98.2969401,69.76019008,49.41219164,45.84328216,36.80696316,34.26990227,30.22860043,36.93954989,36.83782891,35.5123246,32.46249771,29.29164046,27.89233002,35.01893135,42.17921416,46.29979717,46.57806418,43.49451316,49.84950578,42.45313606,34.63116408
Tanzania,Annual average of general government debt (Percent of GDP),,,,,,,,,,,,,,,,,,,,,9.280616232,43.6812693,42.88239148,42.82461337,40.81058238,41.23218978,40.71054958,39.87720553,41.356259,40.74726525,43.14302183,41.84984637,39.63064098,40.42474697,43.49139745,51.64391283,39.68630661,71.15539339,78.56361719,88.13233863,124.7643781,106.5086586,117.5961784,129.1875072,126.0180599,111.1108592,89.63899818,73.37475661,62.20047957,62.88694428,55.35955745,50.77035923,47.37142268,44.37581767,44.52162833,46.09134996,34.4617639,23.76066745,21.74339504,24.01339445,27.55330035,28.38277917,30.04556048,32.72070766,36.08894843,39.21181642,39.79716233,40.73239986,40.54376265,39.10568693,39.83808715,42.09944849,41.62240413
Thailand,Annual average of general government debt (Percent of GDP),,,,,,,,,,,,,,,,,,,,,,,,,,,,,,,,,,,,,,,,,,,,,,,,,,,,,,,,25.89661328,23.99281329,22.89920189,22.07936588,26.79589689,27.78202522,27.31535364,28.51668101,29.63885568,29.95116235,32.21692868,30.69102263,32.52759366,33.95289758,34.04660323,45.09600255,52.84451768,53.77229197
Turkmenistan,Annual average of general government debt (Percent of GDP),,,,,,,,,,,,,,,,,,,,,,,,,,,,,,,,,,,,,,,,,,,,,,,,85.85826098,109.1780161,89.18339143,73.74804869,45.59533965,32.3374552,22.62848813,15.26825013,9.117415147,5.652021276,4.094394645,4.761565753,4.129120389,6.281811471,10.09695211,13.87036115,15.87697204,12.45545696,14.83651072,19.04322997,19.78096453,18.8975825,15.29306991,13.12046416,10.08347564,5.185579818
"Türkiye, Republic of",Annual average of general government debt (Percent of GDP),,,,,,,,,,,,,,,,,,,,,,,,,,,,,,,,,,,,,,,,,,,,,,,,,,,51.31846937,75.50890192,71.50596511,65.1595485,57.15817,50.19596095,44.22542954,37.75876481,37.74814761,43.43739606,39.70721076,36.11125558,32.39365929,31.06540051,28.4342116,27.32726628,27.91952509,27.94153268,30.0653639,32.61851035,39.65041088,41.8034379,31.17811286
Ukraine,Annual average of general government debt (Percent of GDP),,,,,,,,,,,,,,,,,,,,,,,,,,,,,,,,,,,,,,,,,,,,,,30.15182188,24.36602994,28.89183842,46.53736631,58.95884698,43.7895319,36.69002369,33.57956195,29.38022578,24.79809233,17.74063191,14.80060219,12.26663711,20.41297763,35.42476752,40.62584289,36.87567214,37.54153797,40.51880791,70.31687077,79.33061702,79.51285403,71.57919571,60.35221818,50.45345281,60.508589,48.84141176,81.69297141
United Arab Emirates,Annual average of general government debt (Percent of GDP),,,,,,,,,,,,,,,,,,,,,,,,0.741468157,1.143527525,1.834812884,3.272272668,3.76489489,3.574167709,3.819369076,2.568807861,2.362072523,2.60375015,3.196830351,3.583112296,4.015658856,5.527790249,5.453794361,5.778470495,5.363709383,4.439274283,4.920925316,5.286617514,5.865288572,5.577984025,5.045561678,3.573961076,2.895224661,4.291767772,4.815314955,3.092657765,2.689688483,3.427151142,3.331996594,4.079731317,4.481496626,5.05165651,8.890522768,8.949136556,21.13607333,19.47331838,21.46719789,20.65722054,15.61111384,13.81865058,16.10445954,19.26704953,21.86356001,21.32918912,26.8010744,41.08581434,35.89873874,29.95788035
United Kingdom,Annual average of general government debt (Percent of GDP),179.8502855,162.1382686,150.1098096,140.8348902,135.8064344,127.5205598,119.0048014,112.6104246,108.9088016,103.335144,97.91332314,94.12790407,90.95812941,89.19062141,82.62396164,77.20777955,74.65307437,71.8498386,70.94613837,66.01987494,73.40270762,67.91859778,65.02291009,58.52354893,56.15165562,51.25583575,51.83670098,52.61030583,51.4746526,47.25341344,43.79778185,44.11359393,42.64368176,41.66548095,41.520686,40.63931125,41.03912443,41.19905273,35.97903104,30.74383363,27.43853127,27.78756554,33.1304071,41.35464948,39.97642613,44.33890493,43.92312605,43.17250763,40.84923238,39.3364938,37.67230959,34.98253331,35.43228579,36.72455197,39.77807499,40.9741627,42.03554093,43.14163872,50.79113359,64.78617575,75.68012771,81.34575484,84.50597435,85.27130174,87.07969124,87.65870657,87.48187637,86.61808492,86.14111365,85.48809211,105.5991816,105.9267586,101.3639512
United States,Annual average of general government debt (Percent of GDP),83.12603738,72.9550324,72.52549155,71.75321864,73.56806647,68.49863345,64.72603348,62.32954603,64.92733248,62.33588512,60.83294667,61.39335103,59.37167778,57.95491561,55.98882864,53.06049232,50.14458098,50.39584893,48.73687011,45.93965907,46.22861651,46.63911381,45.07315784,42.25721191,41.16076298,44.41952092,44.59871355,43.3010525,42.08673687,40.66801785,41.26845914,40.39036178,45.01271009,47.92033627,49.56890766,54.20557732,57.66393537,59.4661243,60.33822694,60.45595221,62.16272508,66.54562874,68.80934616,70.79678649,69.57945727,69.11025884,68.23445692,65.83958123,62.60391214,59.03139544,53.16940381,53.14624702,55.53785765,58.62453902,66.09528799,65.44269587,64.17806682,64.56661312,73.41683226,86.58465056,95.14348984,99.48148445,103.0431618,104.5444444,104.5414607,105.1279782,107.1563297,106.2073023,107.4367137,108.7446722,133.4837575,126.4263658,121.3832172
Uzbekistan,Annual average of general government debt (Percent of GDP),,,,,,,,,,,,,,,,,,,,,,,,,,,,,,,,,,,,,,,,,,,,,,,,,18.00086449,18.38248761,29.47873619,44.83845851,41.63289282,31.41234529,26.87713658,21.01150094,13.53851227,9.555329419,8.333180775,7.300991813,6.60952049,6.330977004,6.756565693,6.228016146,6.087354771,6.724146087,8.191619369,19.27435045,19.62592996,28.54207387,37.10695257,35.3849977,34.29458676
Venezuela,Annual average of general government debt (Percent of GDP),,,,,,,,,,,,,,,,,,,,,,,,,,,,,,,,,,,,,,,,,,,,,,,,,30.65517756,29.56395452,27.70046742,30.72885156,48.17666822,56.02899947,41.78302582,34.91286012,25.65818301,26.36441459,20.31132034,27.57364047,37.70645934,52.47604578,58.44488555,85.39947263,84.89672801,129.7622318,138.4042322,133.6095954,174.6294594,205.1032195,327.7204835,250.5828044,157.809488
Vietnam,Annual average of general government debt (Percent of GDP),,,,,,,,,,,,,,,,,,,,,,,,,,,,,,,,,,,,,,,,,,,,,,,,,,,24.75475696,25.42021425,27.71137063,29.83524411,29.36270577,28.66914431,30.24826465,32.20952244,31.04529583,36.34838439,36.84767746,35.77724942,38.32996887,41.4128976,43.64233504,46.11599934,47.54835175,46.31984937,43.51370669,40.80006863,41.26294347,39.309678,37.0913081
Yemen,Annual average of general government debt (Percent of GDP),,,,,,,,,,,,,,,,,,,,,,,,,,,,,,,,,,,,,,,,,91.56543096,82.6850289,78.02214901,76.74738039,73.3497565,84.10759071,114.9049926,74.15653166,110.595231,96.05025159,60.84074503,60.56857804,57.82722756,56.82301164,52.06809444,43.8007105,40.84237166,40.40790584,36.42126603,49.84235784,42.37957253,45.72598481,47.57718671,48.43184261,48.94994435,57.05039413,75.3489169,83.99681875,89.53508505,94.60908113,98.46952434,85.08302326,73.53135942
