country_name ,indicator_name,1950,1951,1952,1953,1954,1955,1956,1957,1958,1959,1960,1961,1962,1963,1964,1965,1966,1967,1968,1969,1970,1971,1972,1973,1974,1975,1976,1977,1978,1979,1980,1981,1982,1983,1984,1985,1986,1987,1988,1989,1990,1991,1992,1993,1994,1995,1996,1997,1998,1999,2000,2001,2002,2003,2004,2005,2006,2007,2008,2009,2010,2011,2012,2013,2014,2015,2016,2017,2018,2019,2020,2021,2022
Afghanistan,"Annual average of nonfinancial corporate debt, loans and debt securities (Percent of GDP)",,,,,,,,,,,,,,,,,,,,,,,,,,,,,,,,,,,,,,,,,,,,,,,,,,,,,,,,,1.175832846,6.855054623,2.191003597,9.539459375,9.955620011,3.57410218,2.943504083,3.251558851,2.940146805,3.124990498,2.724768196,2.684245578,2.465668048,2.25588343,2.02434419,,
Albania,"Annual average of nonfinancial corporate debt, loans and debt securities (Percent of GDP)",,,,,,,,,,,,,,,,,,,,,,,,,,,,,,,,,,,,,,,,,,,,,,,,,,,,,,7.544839098,8.848490648,12.66872008,16.41242811,20.98059668,26.36284995,28.40407583,30.02878328,35.68116131,36.55152223,35.99516518,36.31287257,33.26356939,31.90646747,29.44504426,25.517285,25.78810053,28.63295767,26.20366183,24.26814585
Argentina,"Annual average of nonfinancial corporate debt, loans and debt securities (Percent of GDP)",,,,,,,,,,,,,,,,,,,,,,,,,,,,,,,,,,,,,,,,,,,,,20.27264842,20.89531398,21.45003029,23.82835559,25.04155879,23.76898286,21.89419864,32.28999306,57.73750141,39.21088491,32.45303909,26.11385569,23.10264692,20.45568962,18.31296134,17.83720783,16.23616287,15.70836781,16.14508667,16.56666798,13.92865177,15.0928714,14.79686685,17.97937659,22.41343822,22.65469933,24.16059043,18.36332596,18.22632096
Australia,"Annual average of nonfinancial corporate debt, loans and debt securities (Percent of GDP)",,,,,,,,,,,,,,,,,,,,,,,,,,,,34.96441746,35.78770136,36.64271997,38.46793377,40.60323647,44.47345732,47.35026861,47.46614199,51.59651298,62.25243219,69.07809262,74.73149374,74.18381767,75.39493157,73.41002295,70.93232367,64.50630795,60.95454611,59.80744253,59.13895039,61.15162143,62.59183835,63.26191868,68.63197555,65.72340702,64.66049067,63.28199074,63.60677557,69.81289525,74.14557203,79.45014214,82.41678978,75.656909,68.3543376,66.22409805,67.51160088,70.81281542,73.23532547,78.3208661,76.99470426,72.7952325,73.1675562,72.33511483,71.29765314,65.4577277,61.86455766
Austria,"Annual average of nonfinancial corporate debt, loans and debt securities (Percent of GDP)",,,,,,,,,,,,,,,,,,,,,,,,,,,,,,,,,,,,,,,,,,,,,,65.16667875,66.27778557,70.8617567,71.9599932,76.34022171,82.55464256,83.82450969,82.72333421,84.29478678,81.25742991,82.04506543,83.86801203,88.82166928,90.48348339,91.76060194,93.05852112,92.22303264,91.6808906,95.52184525,91.7066116,91.54664677,91.7966041,92.0306323,92.95226437,92.65814906,100.1250517,100.5609522,95.18704725
Bangladesh,"Annual average of nonfinancial corporate debt, loans and debt securities (Percent of GDP)",,,,,,,,,,,,,,,,,,,,,,,,,,,,,,,,,,,,,,,,,,,,,,,,,,,,0.058883095,0.128718418,0.121124275,16.48840724,17.27413605,18.67647517,20.02899124,21.50357977,22.88209792,25.89860587,27.0977361,27.78917111,26.9451021,28.48382324,29.41240711,30.321916,32.27938478,32.22141307,31.42883203,31.61232529,31.44420088,31.31132676
Belgium,"Annual average of nonfinancial corporate debt, loans and debt securities (Percent of GDP)",,,,,,,,,,,,,,,,,,,,,,,,,,,,,,,55.19562333,58.76812942,57.91959123,56.91623446,54.41551442,51.84207136,50.07678017,50.33964246,52.85848183,57.05984826,57.20623153,59.66166844,67.26714703,71.16606477,72.1684629,68.56462808,71.04784216,77.29862874,81.99583878,94.17926093,105.4135332,113.0580513,109.8333059,116.1204974,118.0038407,113.5635424,113.5543178,122.9940719,142.222993,149.1455323,136.4570138,144.2667993,148.4490192,148.6998575,147.2484144,148.7962621,169.1112222,156.438153,151.1708484,150.9908178,156.9795966,146.5200911,135.3983919
Brazil,"Annual average of nonfinancial corporate debt, loans and debt securities (Percent of GDP)",,,,,,,,,,,,,,,,,,,,,,,,,,,,,,,,,,,,,,,,,,,,,63.67357219,38.83783386,33.11912191,35.16341434,36.69373303,36.46612014,33.35979778,38.19689973,42.21816672,38.26308201,33.43716001,32.98757385,35.16889747,30.6826215,36.45005809,36.92168018,36.82270558,39.06228935,42.15098987,44.9908555,47.489104,53.86762405,46.59175593,44.51358139,46.01687773,47.03573397,54.23697208,53.02034774,52.92161612
Bulgaria,"Annual average of nonfinancial corporate debt, loans and debt securities (Percent of GDP)",,,,,,,,,,,,,,,,,,,,,,,,,,,,,,,,,,,,,,,,,,,,,,35.67372336,51.84855649,9.988253163,10.57632646,17.2639502,25.11477382,28.02784215,33.0661165,40.80827643,53.14274451,65.83776504,84.94782426,109.1704212,120.7405121,120.2078969,116.3730013,109.7450946,109.6919442,112.3918464,113.1411283,95.03273753,90.28667228,84.86300957,83.20712504,78.47127257,77.10227363,69.27529378,
Cameroon,"Annual average of nonfinancial corporate debt, loans and debt securities (Percent of GDP)",,,,,,,,,,,,,,,,,,,,,,,,,,,,,,,,,,,,,,,,,,,,,,,,,,,,5.844777277,6.326506535,6.182184016,5.922875772,6.543963154,6.146269285,6.295541286,7.161906479,7.308232419,7.463766686,8.810390501,8.427136594,9.149954206,9.799276027,10.58407791,10.84813654,10.2702107,10.36596809,9.480296177,,,
Canada,"Annual average of nonfinancial corporate debt, loans and debt securities (Percent of GDP)",,,,,,,,,,,,,,,,,,,,52.55453217,52.0500753,53.90810197,54.66576792,55.43520607,56.70471682,57.68338888,58.17864456,60.40648064,62.13538152,66.05449083,70.03674306,76.78861325,75.85069851,68.94634906,66.72907837,67.38736108,68.53008754,68.9573699,71.92555679,75.86285456,79.18220103,82.76251722,82.80152999,84.18498682,82.21704808,81.93936902,80.91468818,83.13776427,86.99534739,81.33485858,82.60156898,87.83339726,89.81288337,84.60159698,84.13265845,77.42422217,78.2551697,81.11691929,83.96575583,88.32565196,85.11783574,85.40305502,89.53059899,94.91385714,98.99974836,108.5840274,109.5819623,110.0058347,113.1613495,116.5790169,132.9890604,123.2687206,113.5009312
Central African Republic,"Annual average of nonfinancial corporate debt, loans and debt securities (Percent of GDP)",,,,,,,,,,,,,,,,,,,,,,,,,,,,,,,,,,,,,,,,,,,,,,,,,,,,3.369956796,3.684891074,3.828774625,4.500784804,4.288589793,3.58942465,4.269277916,5.035932504,4.947154588,5.32485458,5.089581785,5.835695687,7.681575141,7.223559493,6.849844156,6.99443842,6.508388431,8.383999871,7.772095055,7.916679272,8.381444348,
Chad,"Annual average of nonfinancial corporate debt, loans and debt securities (Percent of GDP)",,,,,,,,,,,,,,,,,,,,,,,,,,,,,,,,,,,,,,,,,,,,,,,,,,,,1.905150411,1.970845611,2.323582991,1.664445123,1.700680079,1.463104246,1.612848936,1.632624738,2.73864947,2.891369126,3.379420691,3.80246351,3.636312481,5.372058308,5.701094221,9.246510847,9.091526637,8.514523757,6.800517343,6.285085158,7.437313397,
Chile,"Annual average of nonfinancial corporate debt, loans and debt securities (Percent of GDP)",,,,,,,,,,,,,,,,,,,,,,,,,,,,,,,,,,,,,,,,,,,,,,,,,,,,,90.41801887,77.26066188,68.46500573,64.11924033,61.27814995,63.18473735,78.84974997,76.19530836,70.14401622,75.37105699,80.49016324,87.24365154,96.94611519,104.2623908,100.3656363,93.74534443,97.53881264,105.9522725,109.4959186,102.3183304,98.89617199
"China, People's Republic of","Annual average of nonfinancial corporate debt, loans and debt securities (Percent of GDP)",,,,,,,,,,,,,,,,,,,,,,,,,,,,,,,,,,,,,,,,,,,,,,,,,,,,,,,,,97.95359237,86.99823749,87.8810421,104.2207158,110.8623284,108.5380778,116.7479641,121.824436,131.7811413,140.8690733,142.3920015,139.074592,133.2348131,130.5235014,137.0797958,130.9302693,133.578145
Colombia,"Annual average of nonfinancial corporate debt, loans and debt securities (Percent of GDP)",,,,,,,,,,,,,,,,,,,,,,,,,,,,,,,,,,,,,,,,,,,,,,,30.94380103,38.68656159,39.14205122,40.223992,37.42494596,37.00991924,38.26490935,34.51433458,29.50341979,26.70238846,27.49736455,26.96348663,27.16764753,27.70600669,30.16987777,30.20708423,29.02616312,31.66623227,36.3632644,41.10313052,37.87281652,35.33454362,34.31927513,31.56060706,37.57500967,34.14143852,32.45447324
"Congo, Republic of ","Annual average of nonfinancial corporate debt, loans and debt securities (Percent of GDP)",,,,,,,,,,,,,,,,,,,,,,,,,,,,,,,,,,,,,,,,,,,,,,,,,,,,1.612243183,2.027137979,2.620082889,2.136314052,1.542237632,1.592865752,1.721745948,2.681396664,3.895442737,4.676062534,4.950947585,5.275489559,6.64387744,8.596380468,11.93946737,15.44519479,13.20028683,10.94340607,9.669560695,13.02691763,12.82577787,
Costa Rica,"Annual average of nonfinancial corporate debt, loans and debt securities (Percent of GDP)",,,,,,,,,,,,,,,,,,,,,,,,,,,,,,,,,,,,,,,,,,,,,,,,,,,,30.81117764,32.49442217,29.36662032,26.94749328,27.75096515,29.62798913,33.99271179,35.3870578,30.52506369,27.82500064,31.06430691,29.97759926,32.23886138,33.93420001,33.89620319,35.36738013,35.14831439,35.5680461,32.77237713,35.63451777,33.79872284,32.01165574
Croatia,"Annual average of nonfinancial corporate debt, loans and debt securities (Percent of GDP)",,,,,,,,,,,,,,,,,,,,,,,,,,,,,,,,,,,,,,,,,,,,,,30.29331802,33.64755304,38.92757311,39.08492269,45.50699122,44.08055092,54.68794905,58.05130561,57.6601001,59.39076941,61.13333702,66.70781789,73.40250596,80.78053714,92.24216357,100.0302668,99.24375167,99.15546077,99.56106401,98.85603392,97.70532669,94.70706302,91.95080577,90.25206039,84.62973442,93.22689342,83.11589472,76.46450407
Cyprus,"Annual average of nonfinancial corporate debt, loans and debt securities (Percent of GDP)",,,,,,,,,,,,,,,,,,,,,,,,,,,,,,,,,,,,,,,,,,,,,,254.7751455,248.7869066,246.3163552,239.8721812,226.7561347,227.2229616,199.2782629,203.1986192,189.0637042,149.2086746,158.89167,160.879375,169.673072,187.0065651,192.8494552,195.6369597,202.9438869,199.9189544,212.3567105,221.4507974,220.9112846,213.0832667,200.5090512,187.8920974,180.684412,181.71409,166.61282,
Czech Republic,"Annual average of nonfinancial corporate debt, loans and debt securities (Percent of GDP)",,,,,,,,,,,,,,,,,,,,,,,,,,,,,,,,,,,,,,,,,,,,,,59.54090256,62.04870289,69.44162019,59.69589507,58.13483724,54.41889059,47.95298873,47.07838997,40.80628961,46.23934019,43.64714401,45.5555993,46.72661174,51.19309103,52.58299784,54.92267467,56.26197129,58.57010373,60.45368712,59.85761774,55.73010465,56.84849276,57.24737088,59.96380176,54.5378415,55.74315951,51.55211806,48.88994319
Denmark,"Annual average of nonfinancial corporate debt, loans and debt securities (Percent of GDP)",,,,,,,,,,,,,,,,,,,,,,,,,,,,,,,,,,,,,,,,,,,,,69.56297626,65.37444415,64.62908906,66.02319634,61.45573265,69.13237875,75.4252546,81.03127465,75.90698816,80.27347815,86.37279366,97.45507991,107.8679277,115.0896054,117.3926294,122.6788948,116.094915,125.2366998,128.5728458,120.524523,123.7724268,126.0911157,125.6167423,120.6367193,123.2250262,136.7675268,133.0933509,136.1167761,127.9242108
El Salvador,"Annual average of nonfinancial corporate debt, loans and debt securities (Percent of GDP)",,,,,,,,,,,,,,,,,,,,,,,,,,,,,,,,,,,,,,,,,,,,,,,,,,,,31.32982528,32.92262368,30.60111772,28.83030191,29.04263652,28.09183351,29.01790824,25.9076675,19.64072037,19.71374047,16.99885659,19.48098168,21.11503755,21.47971706,22.30004216,24.30602996,27.10745727,28.41024302,27.79911109,32.54305961,29.58910176,30.05660648
Estonia,"Annual average of nonfinancial corporate debt, loans and debt securities (Percent of GDP)",,,,,,,,,,,,,,,,,,,,,,,,,,,,,,,,,,,,,,,,,,,,,,32.43245132,36.63616823,46.29554713,60.20853103,61.77291979,64.19028947,70.17820059,75.83815058,78.57467962,81.43824527,78.57169934,88.63779237,90.52802425,97.58533933,102.2958054,95.63804601,87.86520559,87.43188614,86.67966102,89.12457608,85.63318868,83.11285228,78.18909667,76.164085,77.018217,81.45609427,75.40772882,
Finland,"Annual average of nonfinancial corporate debt, loans and debt securities (Percent of GDP)",,,,,,,,,,,,,,,,,,,,,72.80045704,63.13260985,71.52016907,71.33834629,56.94253078,62.37192905,63.0075188,67.03495824,65.48972671,62.60749914,61.60560537,62.44815457,65.09304009,64.91525424,64.9052301,67.22484344,68.58782276,71.57975528,73.16491649,73.44202772,86.49831243,96.70767213,119.1526503,104.0229617,99.26169985,83.77659844,83.21365947,86.66510239,79.10835533,81.12058369,90.14086572,85.33962995,84.92652506,87.29876309,87.48409529,87.60497186,90.27629166,93.88738026,103.4911075,106.1695654,108.269242,109.1803958,110.5219437,114.7008873,120.0520066,126.0898361,115.3490746,122.3869978,120.6337648,117.9026757,122.2829968,121.2311548,112.4557989
France,"Annual average of nonfinancial corporate debt, loans and debt securities (Percent of GDP)",,,,,,,,,,,,,,,,,,,,,,,,,,,,88.74282989,87.5139791,85.20760042,85.58337207,85.98586233,85.21132649,86.62253732,87.31326818,84.18269237,82.1478377,84.66967218,88.85826538,92.47092379,96.27496094,98.09792939,100.5076115,98.55820628,98.14199397,97.46665977,96.17006291,96.07581199,94.8099558,99.21741557,103.6729711,108.3080874,107.6058568,105.6721609,106.1190632,107.4420764,109.1948656,110.4174393,115.5165179,119.5968131,118.7186418,123.9110675,127.7663199,125.7578799,131.3373787,136.4667636,142.2643008,142.5044031,146.1951605,151.0725355,173.4383321,165.9288393,161.9603035
Germany,"Annual average of nonfinancial corporate debt, loans and debt securities (Percent of GDP)",,,,,,,,,,,,,,,,,,,,,53.65838325,54.87040823,56.7713385,56.9327992,58.3673856,59.58996614,58.72194149,59.15678133,58.65899364,58.46315282,60.65339124,62.77765927,63.68224663,62.9332176,62.70011145,61.43587584,59.45891273,59.45663758,59.68497179,60.22618498,59.61362345,56.26781435,56.02487574,60.1583766,58.24891367,55.26076607,56.99934422,58.16184382,60.25257891,60.90683085,69.41012475,71.93547645,74.34571361,74.28410586,68.59165886,68.276938,69.40199071,68.04256766,70.02293353,71.8460337,69.94439245,67.27397942,67.25969016,68.88452167,64.17970712,64.07322102,64.15045586,64.89379155,67.50936725,68.68584557,73.67278141,73.74243076,72.83981329
Greece,"Annual average of nonfinancial corporate debt, loans and debt securities (Percent of GDP)",,,,,,,,,,,,,,,,,,,,,,,,,,,,,,,,,,,,,,,,,,,,,30.0921138,29.93638856,29.49651554,29.72816149,31.93404505,33.69139153,39.74153011,42.77118813,42.24528325,42.61708269,42.34649785,46.59117943,48.0404955,50.85943866,58.31346792,59.43998641,67.61346398,67.82418793,69.13011397,67.28669587,68.12498589,66.52246143,65.94592426,62.34603144,60.42392987,54.46875119,65.58326532,65.19389019,53.92421249
Honduras,"Annual average of nonfinancial corporate debt, loans and debt securities (Percent of GDP)",,,,,,,,,,,,,,,,,,,,,,,,,,,,,,,,,,,,,,,,,,,,,,,,,,,,32.77443101,32.26519377,32.30950377,33.14765115,20.3879514,22.34062906,25.47532468,23.70148847,23.50477007,21.87686176,21.05039941,22.62674452,24.84691705,24.64116403,24.88856286,25.69956864,26.41911624,29.07252371,29.6615827,31.67311239,30.64493135,32.48714318
Hong Kong SAR,"Annual average of nonfinancial corporate debt, loans and debt securities (Percent of GDP)",,,,,,,,,,,,,,,,,,,,,,,,,,,,,,,,,,,,,,,,,131.8305304,111.5618893,103.9895729,105.6040335,107.7571669,116.2712264,120.5901234,124.5791405,118.4284681,108.0179883,105.0475476,101.6521313,100.5713229,108.813538,112.0344068,118.8624945,124.4524902,135.9391091,140.5695384,138.873343,165.3849055,178.1271486,176.9215816,201.0852521,217.9414205,230.0208483,238.4794736,272.4275843,262.3607927,267.5028172,292.0580553,275.2185693,276.7667524
Hungary,"Annual average of nonfinancial corporate debt, loans and debt securities (Percent of GDP)",,,,,,,,,,,,,,,,,,,,33.99340595,31.9456684,35.74353228,34.98454183,35.14090665,39.44751915,39.57211484,42.88009962,45.01238579,49.47702815,51.05678323,50.93194543,50.37700991,51.38711952,51.93535052,51.63458553,51.19696759,52.0832658,52.30539315,48.9344695,47.00093005,46.84578061,45.05189099,38.57119586,37.22353794,40.26965264,38.32829834,42.78711137,44.7079764,44.82577932,48.35397428,53.87083449,53.84941236,49.66183907,54.7302299,57.12782504,64.26280084,67.08386649,78.26581785,80.70459521,90.87898484,86.11437844,88.30011435,83.62231116,79.64453497,79.07993813,73.57414926,69.69418283,65.02119669,64.34589521,63.72579284,71.12098424,79.21346143,86.6655694
Iceland,"Annual average of nonfinancial corporate debt, loans and debt securities (Percent of GDP)",,,,,,,,,,,,,,,,,,,,,55.57290418,52.89877689,50.1576001,47.98127032,55.55224059,56.48253104,51.15048244,49.47795459,51.85108268,51.82556195,66.86139771,63.48644555,81.51532553,82.22291038,87.33470343,81.68529189,67.2332719,65.60156513,71.84798242,76.6496309,69.64012882,69.55688708,76.73202501,79.51831301,73.7447257,71.20302732,75.12112286,80.8047384,86.83459091,100.6959932,112.9219334,120.51997,113.7497366,150.5322601,167.6977312,222.1433033,317.8602547,446.1545893,514.3409924,566.6494096,404.2827135,354.3944535,285.5149225,236.6752515,239.3050097,200.7261404,174.8289051,124.5240369,114.8049124,106.2291806,139.5777652,119.7184444,
India,"Annual average of nonfinancial corporate debt, loans and debt securities (Percent of GDP)",,,,,,,,,,,,,,,,,,,,,,,,,,,,,,,,,,,,,,,,,,,,,,,,,49.15828609,52.49875526,56.985268,57.72131715,63.46151861,61.99956168,66.94139698,74.11558441,81.14640629,54.74534321,64.00429658,64.93343141,71.4019234,75.71237465,75.42531333,67.50441714,70.64491625,66.0282409,55.95651414,56.68508617,48.37376843,53.53604108,57.3651556,51.36649083,52.35638193
Indonesia,"Annual average of nonfinancial corporate debt, loans and debt securities (Percent of GDP)",,,,,,,,,,,,,,,,,,,,,,,,,,,,,,,,,,,,,,,,,,,,,,,,,,,,21.49027313,18.4469589,16.86549762,16.75693576,16.24621304,15.19841407,15.08038727,15.46035366,14.63173385,14.05046716,15.47793459,18.51731667,21.71607446,23.27129879,25.0533658,23.69875266,23.32463901,24.37451498,23.81420617,24.8573923,23.10616241,22.03069054
Ireland,"Annual average of nonfinancial corporate debt, loans and debt securities (Percent of GDP)",,,,,,,,,,,,,,,,,,,,,,,,,,,,,,,,,,,,,,,,,,,,,,,,,,,,,81.22031206,83.16904456,89.38109165,95.61553909,122.2549698,129.5478764,175.1637896,185.56445,197.7478016,209.0389163,214.7971415,203.3712811,219.7380629,267.0578304,250.3249373,221.2608685,223.2556004,197.1500259,181.7785836,164.8250106,147.9150707
Israel,"Annual average of nonfinancial corporate debt, loans and debt securities (Percent of GDP)",,,,,,,,,,,,,,,,,,,,,,,,,,,,,,,,,,,,,,,,,,,47.77858441,50.32466162,53.04509077,55.47675884,56.24107304,59.00003171,65.66994062,69.77869848,71.39660836,78.98706725,82.60741151,79.43998849,79.74206156,84.65796758,86.72709065,90.77442948,83.54672581,83.98258011,82.63583914,79.89620958,77.46081688,72.92363733,70.46441115,68.68570983,69.1826899,68.42170567,68.33703873,67.55719471,69.50096124,71.30531711,69.11891752
Italy,"Annual average of nonfinancial corporate debt, loans and debt securities (Percent of GDP)",21.57808648,22.41713899,26.35160059,28.62588457,31.64139366,33.60350956,36.10935856,37.55367796,38.79296766,41.93105744,43.82800956,47.33620763,51.4475066,53.33756127,52.8726707,54.13473911,56.31620011,58.24121943,59.89162559,61.66345922,61.33333021,64.61502053,67.27620001,63.3656549,60.71596811,61.14534209,55.83747695,52.81861072,47.51505513,45.14701493,43.16526783,43.27115381,41.46425559,40.18424261,43.38121224,42.72121614,42.01586163,42.50524373,43.93261546,39.23985759,41.96801795,43.389179,46.40018984,46.91448647,44.41027149,52.55179895,50.69420607,49.91234551,49.41695877,54.41292976,56.72768366,58.83346612,59.6146369,62.00750846,63.48736056,66.16737021,69.55698762,74.86351589,77.48928375,82.61651881,82.16169753,81.18945435,83.19817233,81.69065261,80.55912292,77.0727125,73.84105433,71.49729384,69.64413842,68.28599703,77.32086308,73.66127867,68.54500399
Japan,"Annual average of nonfinancial corporate debt, loans and debt securities (Percent of GDP)",,,,,,,,,,,,,,,89.96413621,95.56606645,94.93309761,94.71065334,91.89617073,92.37658981,91.97163083,102.0985228,107.9153714,103.6638283,97.87774931,100.640796,99.92699859,97.57859269,94.30693851,93.73304334,94.39303499,96.59956624,100.6135997,104.4673295,107.0036803,109.8841002,114.5835192,123.8663761,127.7661438,134.1053077,138.7182278,138.4475909,140.9317404,144.6242628,144.7265912,142.3531135,138.9828442,136.9612432,129.5267601,125.3566999,117.7845227,114.3466078,111.6524274,104.5674293,99.24161444,100.4335835,99.96987874,98.77412862,103.5566604,106.7976944,101.5474632,101.2355437,99.64575625,98.26339894,97.0634013,94.36401971,95.91751558,95.96827182,98.10867217,101.9821803,116.0119863,116.5241392,117.966337
Jordan,"Annual average of nonfinancial corporate debt, loans and debt securities (Percent of GDP)",,,,,,,,,,,,,,,,,,,,,,,,,,,,,,,,,,,,,,,,,,,,,,,,,,,,,,,,,,,,,,,,,,,,38.8,39.9,39.4,42.6,40.8,41.8
Kazakhstan,"Annual average of nonfinancial corporate debt, loans and debt securities (Percent of GDP)",,,,,,,,,,,,,,,,,,,,,,,,,,,,,,,,,,,,,,,,,,,,,,,,,,,,,,22.95549583,25.32207853,31.76428565,40.33432059,45.83195055,45.4146419,48.27599227,41.14809685,34.10484761,34.23055135,32.70215974,32.44478004,38.08832204,41.87953524,37.14484868,32.38545695,28.18896084,29.16988929,24.50308079,17.98844327
"Korea, Republic of","Annual average of nonfinancial corporate debt, loans and debt securities (Percent of GDP)",,,,,,,,,,,,,24.82724365,22.54076274,18.4542981,21.96526681,23.27001038,31.23773114,38.18944256,44.95229287,44.05152685,47.17131555,46.99578227,47.51606542,47.8114611,41.39450472,39.02231773,39.29831632,43.30090958,48.15746413,60.75007741,63.28957435,70.66215485,70.97332113,73.84694616,79.08972685,76.19339055,70.18502389,63.07011209,70.50053498,75.64614575,79.4938323,81.89832302,86.23140459,88.64021107,90.5296455,97.76023982,110.4018719,113.1776137,99.58581527,89.00105366,85.02754118,82.20341736,80.30708791,74.29168927,73.34245261,80.28157874,84.7944172,97.34994281,100.4622566,95.53955085,96.36727996,98.04623434,97.81323427,99.54321661,97.7541169,94.37896676,92.52958901,95.5741159,101.2654053,109.8380493,113.6949583,119.6439065
Latvia,"Annual average of nonfinancial corporate debt, loans and debt securities (Percent of GDP)",,,,,,,,,,,,,,,,,,,,,,,,,,,,,,,,,,,,,,,,,,,,,,10.74067012,17.51311532,23.57308552,30.62519915,34.84980369,42.04708926,41.82858862,43.11019206,43.48192713,52.6822204,58.46754792,66.86635879,67.92244147,72.31762035,88.8157542,91.20421191,91.64716697,77.68950408,74.06476222,69.57647528,61.60638994,63.94620928,61.85788725,56.7066317,56.12699021,54.66751039,46.62735633,
Lesotho,"Annual average of nonfinancial corporate debt, loans and debt securities (Percent of GDP)",,,,,,,,,,,,,,,,,,,,,,,,,,,,,,,,,,,,,,,,,,,,,,,,,,,,9.753706358,8.657968353,2.5429372,2.615955315,3.974975497,4.511716389,4.464484174,4.736795516,6.185139302,6.249629261,6.252033044,7.013933709,6.560461252,6.625600315,6.929287296,6.342209609,6.294182914,6.138525115,6.186967036,5.773099457,5.473379787,5.27540418
Lithuania,"Annual average of nonfinancial corporate debt, loans and debt securities (Percent of GDP)",,,,,,,,,,,,,,,,,,,,,,,,,,,,,,,,,,,,,,,,,,,,,,19.8072621,20.69363209,22.90315976,24.97216014,28.94355892,29.83432449,28.6880158,28.61075983,31.3155034,33.09933753,38.12964728,44.23509456,56.60828712,55.92131047,54.11624302,48.81625461,42.8499355,41.6672154,39.95936027,36.87047754,37.6329805,40.37346458,42.00982584,41.54656027,40.54289465,36.61057475,40.01210417,
Luxembourg,"Annual average of nonfinancial corporate debt, loans and debt securities (Percent of GDP)",,,,,,,,,,,,,,,,,,,,,,,,,,,,,,,,,,,,,,,,,,,,,,73.82627986,75.90407935,124.5518426,94.61082679,94.83803312,90.78530068,131.8551089,141.5737076,193.7408731,173.2317822,161.9827615,169.0095099,283.2368099,265.7312245,307.3568464,275.3315237,289.77565,300.9594594,305.5753586,322.7163636,328.6850971,310.2085112,300.2932844,306.3129146,335.2085895,327.3403117,339.3249879,330.9360529
Malaysia,"Annual average of nonfinancial corporate debt, loans and debt securities (Percent of GDP)",,,,,,,,,,,,,,,,,,,,,,,,,,,,,,,,,,,,,,,,,,,,,,,,,,,,,,,,,61.23910516,62.70218992,58.72761755,70.01353476,64.97567861,67.85593694,66.51397787,70.55956802,69.65693478,74.20442744,73.71200015,76.16726864,71.99008536,70.98789836,79.47088847,74.92715742,64.17585431
Malta,"Annual average of nonfinancial corporate debt, loans and debt securities (Percent of GDP)",,,,,,,,,,,,,,,,,,,,,,,,,,,,,,,,,,,,,,,,,,,,,,109.8803793,114.9848747,116.0559059,120.0572859,120.2218166,111.3968779,115.4243617,116.2636709,117.0605587,109.3585214,115.2356746,109.4021232,128.5188947,142.1812785,158.9147881,161.0345603,171.5579735,166.4928589,155.7120191,151.6654529,149.1430681,150.8158992,150.6199799,156.9577484,169.0138522,177.3735634,159.9268627,
Mauritius,"Annual average of nonfinancial corporate debt, loans and debt securities (Percent of GDP)",,,,,,,,,,,,,,,,,,,,,,,,,,,,,,,,,,,,,,,,,,,,,,,,,,,,,,,,,,44.24103675,48.17981095,47.54844096,50.2198377,56.36015536,59.05779016,59.20866362,57.10999024,59.23535729,53.496287,53.72460943,45.86167009,47.48311206,62.14312808,51.54218865,45.02296158
Mexico,"Annual average of nonfinancial corporate debt, loans and debt securities (Percent of GDP)",,,,,,,,,,,,,,,,,,,,,,,,,,,,,,,,,,,,,,,,,,,,,38.77889829,37.76399309,29.63798345,24.88237185,22.74804402,18.53087446,17.4054702,15.81661236,15.91166913,15.55775359,13.93818287,13.06722769,13.67484041,14.69539208,16.68372033,16.75190933,16.58349136,18.31366128,18.03379226,20.53677939,21.9247769,24.5021979,26.82401316,26.52733449,25.7403697,25.149978,26.98234378,25.24100587,23.65780305
Morocco,"Annual average of nonfinancial corporate debt, loans and debt securities (Percent of GDP)",,,,,,,,,,,,,,,,,,,,,,,,,,,,,,,,,,,,,,,,,,,,,,,,,,,,34.45464364,30.76285273,26.77969647,24.82023685,26.80058687,27.43018151,31.53573507,35.53097152,37.53163979,40.08372347,42.6148587,42.27506596,38.94298485,39.01865921,37.19307351,38.08236409,37.53806703,36.04272165,36.57132228,41.19268262,37.94807934,39.05514045
Myanmar,"Annual average of nonfinancial corporate debt, loans and debt securities (Percent of GDP)",,,,,,,,,,,,,,,,,,,,,,,,,,,,,,,,,,,,,,,,,,,,,,,,,,,,10.63005363,10.725084,3.819826322,4.08180393,4.277017191,3.530364078,3.094297313,2.806691639,3.248201534,4.574932597,6.486505483,8.605437769,11.53927988,14.76950398,17.39200438,21.33775163,24.12139102,25.83830423,25.9859145,25.77764056,,
Nepal,"Annual average of nonfinancial corporate debt, loans and debt securities (Percent of GDP)",,,,,,,,,,,,,,,,,,,,,,,,,,,,,,,,,,,,,,,,,,,,,,,,,,,,,11.9032442,12.89449098,14.26737821,15.3074864,14.56718944,15.77045435,21.11867637,25.94458309,24.9930387,25.40869302,27.23532386,27.26317615,29.03724383,30.00844473,36.08674182,36.80051094,43.2325889,48.74141632,55.32592332,67.2693539,61.74681155
Netherlands,"Annual average of nonfinancial corporate debt, loans and debt securities (Percent of GDP)",,,,,,,,,,,,,,,,,,,,,,,,,,,,,,,,,,,,,,,,,111.6256336,113.6897574,118.4119958,118.3786398,120.0699791,116.8883346,118.9263692,118.2668285,122.2216868,127.4086383,130.1630284,126.1894534,121.5705486,129.6643981,126.1773408,127.4074531,121.9267603,121.1221474,123.1640085,131.5710212,144.0112205,156.2191036,161.2407078,164.0567299,172.6786884,172.3942331,173.7020655,166.2320191,159.3232186,148.9023498,147.894869,146.2587989,136.8042203
New Zealand,"Annual average of nonfinancial corporate debt, loans and debt securities (Percent of GDP)",,,,,,,,,,,,,,,,,,,,,,,,,,,,,,,,,,,,,,,,,70.91380952,73.26572116,72.94587882,74.10071942,71.28107289,78.23767554,71.91294136,79.78066839,80.82670546,80.13883394,85.32473678,82.08313539,83.79959308,79.50824884,84.37236539,90.32051442,95.62970898,99.40402447,107.3625591,102.1884039,96.6188489,90.85131491,90.84055367,87.09130052,86.14473335,85.6164683,85.05844949,83.14877479,81.60544515,78.68054274,77.05904557,72.20572549,70.48200823
Nicaragua,"Annual average of nonfinancial corporate debt, loans and debt securities (Percent of GDP)",,,,,,,,,,,,,,,,,,,,,,,,,,,,,,,,,,,,,,,,,,,,,,,,,,,,6.61426526,5.629466827,8.255419629,8.372931509,8.374927034,9.66210699,9.41094596,8.865070561,8.378199674,9.526978749,9.950449563,11.76103193,12.17800624,12.59782582,13.82763375,14.03466024,15.30844088,15.30601825,12.17406327,12.18471453,11.37485283,11.9301343
North Macedonia ,"Annual average of nonfinancial corporate debt, loans and debt securities (Percent of GDP)",,,,,,,,,,,,,,,,,,,,,,,,,,,,,,,,,,,,,,,,,,,,,,,,,,,,,,,,26.8175732,37.73395572,45.56214683,53.13456579,57.06467128,58.34028593,59.3899147,63.68104134,62.59071693,64.24570023,65.90352374,67.26887297,67.12233409,66.27543072,65.78024719,67.34076332,68.97644848,69.43396349
Norway,"Annual average of nonfinancial corporate debt, loans and debt securities (Percent of GDP)",,,,,,,,,,,,,,,,,,,,,,,,,,78.61476775,83.14924216,90.96440128,90.14638829,85.68230409,81.56334537,79.02513061,85.31874111,85.7370968,91.1592818,89.21678799,98.32191122,99.88548927,103.1351456,103.6400865,100.5336982,92.61322789,100.5701685,96.06289455,88.3226729,86.74666896,85.55173025,96.76538104,108.9593128,108.1084816,103.8578468,107.6804946,111.3764389,109.7663682,113.9403721,112.2575034,112.5585202,127.186343,143.5568049,143.0675424,142.9749389,136.1711275,141.7447654,136.6911678,139.0288436,152.9932276,153.4389055,142.239106,133.2743198,142.8974271,163.6703235,146.3070632,114.1927561
Pakistan,"Annual average of nonfinancial corporate debt, loans and debt securities (Percent of GDP)",,,,,,,,,,,,,,,,,,,,,,,,,,,,,,,,,,,,,,,,,,,,,,,,,,,,,,,,,19.45821785,20.06420137,20.08309225,17.03150493,16.48709894,14.00555732,12.91401946,12.18190491,11.14783736,12.38432703,14.46445997,16.30875355,18.67986064,20.17291899,20.70481015,20.60172401,19.40082658
Peru,"Annual average of nonfinancial corporate debt, loans and debt securities (Percent of GDP)",,,,,,,,,,,,,,,,,,,,,,,,,,,,,,,,,,,,,,,,,,,,,,,,,,,,24.99764168,22.01444572,17.76241861,15.89254151,14.64431595,14.02718149,18.02598851,20.91186696,20.31850661,19.63532468,21.49986949,21.71514506,24.48149352,28.86022451,34.23879127,36.06136769,41.14502552,42.08909071,40.94603247,53.29989272,46.94608558,41.44014452
Poland,"Annual average of nonfinancial corporate debt, loans and debt securities (Percent of GDP)",,,,,,,,,,,,,,,,,,,,,,,,,,,,,,,,,,,,,,,,,,,,,,19.89278618,22.12852826,22.82555685,27.33298082,30.57960753,32.46547629,33.43260711,36.07928897,34.8375457,29.46795679,28.31170048,31.59744515,34.1851984,39.67117175,37.922282,38.61769672,41.57833651,42.87191719,44.19480457,46.69030173,47.48334502,50.17038321,47.11482887,46.43686723,44.33190453,46.03285594,43.6713387,40.30824539
Portugal,"Annual average of nonfinancial corporate debt, loans and debt securities (Percent of GDP)",,,,,,,,,,,,,,,,,,,,,,,,,,,,,,104.3492866,101.7579222,107.4110827,116.4025193,122.955834,121.6397932,105.8670578,89.02069481,77.77642008,72.31764426,67.75877221,61.30357604,65.55038849,67.92947352,72.71411561,71.1691617,65.02854139,69.48371835,68.86776135,74.93260197,78.47191507,83.93366793,90.90473879,92.92676049,96.1334394,100.8976121,101.0490518,100.4388297,107.1104161,117.3772828,123.2085483,127.1265425,132.6587399,141.1023223,134.0042923,126.3417078,119.6523127,111.6666971,107.5565803,101.0248352,97.39908674,107.5180444,103.2988096,92.26286419
Romania,"Annual average of nonfinancial corporate debt, loans and debt securities (Percent of GDP)",,,,,,,,,,,,,,,,,,,,,,,,,,,,,,,,,,,,,,,,,,,,,,,,,,,,11.32417035,11.88843236,11.15716898,12.37685032,12.90900447,17.89812813,21.55780427,23.49879534,24.0801254,23.1139737,22.21194321,19.98888084,17.85930069,15.28675083,14.734387,13.96727978,13.49047114,13.13161719,12.6061219,13.57407119,13.20408945,13.08472094
Russian Federation,"Annual average of nonfinancial corporate debt, loans and debt securities (Percent of GDP)",,,,,,,,,,,,,,,,,,,,,,,,,,,,,,,,,,,,,,,,,,,,,,,,,33.20594404,25.02883227,23.11119685,25.23058605,28.46844363,32.7293842,35.11578627,38.8250921,39.98414039,49.2511922,54.32813763,59.72008044,52.82649131,51.99070932,55.58920113,65.08638405,80.70591927,87.80620166,83.86074348,82.88267504,80.2088277,76.95514573,91.45942158,77.31508703,72.72783113
Samoa,"Annual average of nonfinancial corporate debt, loans and debt securities (Percent of GDP)",,,,,,,,,,,,,,,,,,,,,,,,,,,,,,,,,,,,,,,,,,,,,,7.947643609,9.064831386,9.289545055,10.4345466,14.07565483,16.15000326,16.34874421,17.51897452,17.23701648,17.67967754,18.94230651,20.7265089,19.31926401,19.01438185,18.58413294,20.65312122,21.82534516,23.40768643,23.05332965,24.43462028,24.82042831,27.05203091,26.39459397,26.72115723,27.32074252,28.7270063,28.87811205,27.9819968
Saudi Arabia,"Annual average of nonfinancial corporate debt, loans and debt securities (Percent of GDP)",,,,,,,,,,,,,,,,,,,,,,,,,,,,,,,,,,,,,,,,,,,,,,,,,33.66787179,27.55319698,23.11399654,24.96762838,24.73464423,22.09725483,26.19906635,28.45071524,27.69042613,35.1085749,38.48679353,44.2618006,37.79845152,30.72308871,29.54711112,34.48412621,38.41833566,49.76957575,50.74973561,46.86049643,41.38659729,46.58797667,61.28606367,58.69635655,51.6365197
Sierra Leone,"Annual average of nonfinancial corporate debt, loans and debt securities (Percent of GDP)",,,,,,,,,,,,,,,,,,,,,,,,,,,,,,,,,,,,,,,,,,,,,,,,,,,,1.114167013,1.360309484,2.28773777,2.772264493,2.536120966,2.528386218,3.253439802,4.005552966,6.114026081,5.042266917,4.738410585,3.979248699,3.574561221,3.620227032,4.159879906,4.298606604,3.674009294,3.979087147,4.693011493,4.072079533,5.121251016,4.42178733
Singapore,"Annual average of nonfinancial corporate debt, loans and debt securities (Percent of GDP)",,,,,,,,,,,,,,,,,,,,,,,,,,,,,,,,,,,,,,,,,,99.1255723,99.08361026,96.11623815,89.64119003,105.4608065,112.6448329,119.0486761,115.1866982,110.441189,105.4751365,119.1498804,114.6663722,113.1180199,96.99433738,95.66008377,90.33497799,95.54429522,109.3685661,105.4489376,95.60704153,103.6773706,112.5415401,125.648043,134.6777361,139.7912971,138.8175781,140.0329639,139.7599311,152.3668167,171.646995,152.5108182,131.3440318
Slovak Republic,"Annual average of nonfinancial corporate debt, loans and debt securities (Percent of GDP)",,,,,,,,,,,,,,,,,,,,,,,,,,,,,,,,,,,,,,,,,,,,,,62.83179126,57.51515922,55.57813561,58.760735,55.47046373,43.10399828,41.01206152,45.12275814,39.68707434,38.84899253,36.79536978,38.2128549,43.01652539,44.36605652,46.59952727,43.09655071,45.83281675,47.12169702,49.48706452,51.79589939,50.53303547,55.73647236,55.7249979,53.73303054,53.64061272,54.42831191,52.36097155,51.2041773
Slovenia,"Annual average of nonfinancial corporate debt, loans and debt securities (Percent of GDP)",,,,,,,,,,,,,,,,,,,,,,,,,,,,,,,,,,,,,,,,,,,,,,28.4918899,28.06384958,29.9931341,34.26308316,39.13134339,43.9505649,47.93429073,50.2405653,53.65962215,57.72724969,65.1656448,68.00040673,79.61566425,89.12138966,95.37219899,94.68731352,94.82574848,92.99894354,88.05247103,78.89632303,67.83089891,60.72976602,55.35057066,51.49281873,47.91153272,47.7576897,46.14992693,
Solomon Islands,"Annual average of nonfinancial corporate debt, loans and debt securities (Percent of GDP)",,,,,,,,,,,,,,,,,,,,,,,,,,,,,,,,,,,,,,,,,,,,,,,,,,,,5.185714777,5.765370987,6.73648628,6.489786183,8.69723332,11.6664801,15.04442864,16.83763048,13.96688404,12.16705957,10.79477235,10.66419657,10.31375932,10.84874265,12.63915803,12.84225311,13.60597617,12.50209,13.54038023,14.16484901,12.19069266,
South Africa,"Annual average of nonfinancial corporate debt, loans and debt securities (Percent of GDP)",,,,,,,,,,,,,,,,,,,,,,,,,,,,,,,,,,,,,,,,,,,,,,,,,,,,,,,,,,,36.78762429,34.51155936,32.60272161,32.01108971,33.05641427,34.5919784,34.85198989,38.1340859,38.50593175,38.09636148,37.35733209,37.44731828,36.7175606,32.01099653,33.06460676
Spain,"Annual average of nonfinancial corporate debt, loans and debt securities (Percent of GDP)",,,,,,,,,,,,,,,,,,,,,,,,,,,,,,,53.17204446,56.01236025,56.30735318,55.80245152,55.6653176,51.73463755,46.88261665,43.07195282,43.35093726,44.10590554,45.15393616,46.64901966,47.14543149,47.04558799,43.77855406,48.74146125,47.61205667,48.6038813,50.9618654,61.54842312,72.49151425,79.72048223,82.34532094,86.75676147,93.32086005,102.8817381,116.7427923,127.5254547,131.5854033,137.793258,139.6444889,137.0855162,129.9942586,124.2832943,116.4155226,109.8043581,104.6822562,98.66450694,95.07865954,93.21002671,107.8026707,104.5347278,93.31360306
Sri Lanka,"Annual average of nonfinancial corporate debt, loans and debt securities (Percent of GDP)",,,,,,,,,,,,,,,,,,,,,,,,,,,,,,,,,,,,,,,,,,,,,,,,,,,,3.279841932,2.934239937,2.567749444,2.931616073,,1.11972191,1.740223044,1.46621057,1.09427723,2.335266238,26.23614128,26.28106823,24.96200778,25.33385807,33.34637339,35.3597769,38.83350495,41.19128538,43.96518923,,,
Sweden,"Annual average of nonfinancial corporate debt, loans and debt securities (Percent of GDP)",,,,,,,,,,,,62.36552209,64.5775806,68.44494471,69.60875707,72.2433481,72.96390904,75.17105383,80.04655333,80.61585381,74.35017209,71.06355947,70.63747869,68.94000532,66.83424052,61.86435245,59.55511808,60.28588112,58.92789036,57.49286806,53.45810794,54.68107535,56.15467137,56.13700305,57.07834151,59.08374838,63.94745582,70.67616719,77.18579094,89.61307165,99.32769591,94.02527835,100.7740043,101.2679329,94.97969413,88.63110606,87.29152121,93.22717239,97.48307519,101.4591339,107.0750547,112.581104,109.8642362,104.4829559,101.9488063,106.5112748,78.17237451,96.79749708,119.8037484,125.6250885,113.3959185,116.3890442,116.6005002,128.929955,120.494624,129.1422777,125.6100807,129.9416617,126.9211603,136.6690635,145.5359273,151.7738427,154.5124922
Switzerland,"Annual average of nonfinancial corporate debt, loans and debt securities (Percent of GDP)",,,,,,,,,,,,,,,,,,,,,,,,,,,,,,,,,,,,,,,,,,,,,,,,,,92.25228386,86.87325879,84.20506124,81.83749295,84.754111,83.01778701,82.97343554,82.39422122,93.5771308,93.18535127,103.1176891,102.5085539,106.7084507,111.3560869,108.4986857,109.5880061,110.8948225,116.4967794,123.8593217,117.8882225,136.7995045,139.7559584,146.6614943,143.0897587
São Tomé and Príncipe,"Annual average of nonfinancial corporate debt, loans and debt securities (Percent of GDP)",,,,,,,,,,,,,,,,,,,,,,,,,,,,,,,,,,,,,,,,,,,,,,,,,,,,,,,,,12.17204612,13.57382382,11.66076541,16.77417694,12.44417685,14.41813438,15.09279267,13.50139106,11.86629715,10.79757756,9.881898891,9.677604493,8.752725529,8.808502566,7.989664117,6.619251926,
Tajikistan,"Annual average of nonfinancial corporate debt, loans and debt securities (Percent of GDP)",,,,,,,,,,,,,,,,,,,,,,,,,,,,,,,,,,,,,,,,,,,,,,,,,,,,14.04187823,12.23216244,11.31812966,3.014978393,4.845653169,5.044886672,8.247179856,8.924127538,8.171326163,7.838266493,6.463558505,5.966504236,7.554645368,9.149033923,11.09820862,8.157298205,4.456621833,3.931737931,3.668585075,4.231480009,3.319784675,
Thailand,"Annual average of nonfinancial corporate debt, loans and debt securities (Percent of GDP)",,,,,,,,,,,,,,,,,,,,,,,,,,,,,,,,,,,,,,,,,,,,,,,,,,,,,,91.36802525,92.99228878,90.29347116,85.14525791,72.59236995,76.01748195,74.66010579,70.41243433,74.36092597,73.92847912,75.22453848,76.17647334,78.15960732,77.43546979,75.11647874,75.93445028,75.24940533,86.50012585,89.56739628,87.35095994
"Türkiye, Republic of","Annual average of nonfinancial corporate debt, loans and debt securities (Percent of GDP)",,,,,,,,,,,,,,,,,,,,,,,,,,,,,,,,,,,,,,,,,,,,,,,,,,,,,,,,,,,,,39.72463945,43.95100639,44.42341209,51.88447071,55.8835682,61.49468947,66.94091028,66.88395405,67.85276195,64.97294317,71.47684754,74.33409092,54.70045632
Ukraine,"Annual average of nonfinancial corporate debt, loans and debt securities (Percent of GDP)",,,,,,,,,,,,,,,,,,,,,,,,,,,,,,,,,,,,,,,,,,,,,,7.601806388,7.26268791,8.931339796,10.96486518,13.66599372,15.88285154,18.8698834,24.48706063,30.68717685,34.47070974,39.39850705,47.57052678,56.62492433,75.98861705,83.73043461,78.26961772,75.6219859,77.89059281,82.5207916,104.9109616,98.74587335,88.07189176,71.40181102,60.4611139,48.55366415,50.93540074,39.87279616,53.4233092
United Arab Emirates,"Annual average of nonfinancial corporate debt, loans and debt securities (Percent of GDP)",,,,,,,,,,,,,,,,,,,,,,,,,,,,,,,,,,,,,,,,,,,,,,,,,,,,,,,,,,,68.48310004,86.26154661,76.80506554,62.19906362,55.59667629,60.54392693,64.19108582,76.6238906,80.52540327,81.83622176,79.66218581,83.47413732,100.4066716,83.62566732,68.5317788
United Kingdom,"Annual average of nonfinancial corporate debt, loans and debt securities (Percent of GDP)",,,,,,,,,,,,,,,,,27.64981605,28.00922029,27.4450533,26.99835183,27.32166723,26.94333381,30.62454165,30.47842446,29.51713683,27.39222034,28.68604728,26.62090581,25.64762696,25.01017925,26.59516375,29.0065527,30.99020743,31.32928863,34.85438974,34.87851639,38.07809663,38.83652006,44.78869187,51.23473749,57.0160506,56.03433027,56.71931817,55.93490999,52.50875706,53.79233059,51.82725419,54.31824662,60.16555158,65.54221137,70.69871942,75.1858646,79.30491853,74.71736757,72.73684847,78.1973689,80.64633086,81.26287366,90.00650264,87.06576918,81.99153922,80.14206131,82.36360209,77.80391136,71.74391395,69.54713123,74.9614021,76.50009017,71.57499038,71.30535556,82.53839364,76.50642265,67.59642033
United States,"Annual average of nonfinancial corporate debt, loans and debt securities (Percent of GDP)",30.51202024,29.74557743,30.57920869,30.22245808,31.71083717,32.02168531,33.20559018,34.13345708,36.0020752,35.97663352,37.15874231,38.43652369,38.7656256,39.81254563,40.31295635,41.20851662,41.85408183,43.43213798,44.2247965,45.67824589,48.09808457,48.76218022,49.95494033,51.29379933,53.38373137,51.38979178,49.88265541,50.4956464,50.38544983,51.14669864,51.61015985,51.71334804,54.05795801,54.93137774,57.47452107,59.27610048,62.55271993,64.18639617,65.20593726,64.75290698,63.4457604,60.02443926,56.56803917,55.61146306,55.2588425,56.01204228,55.77072076,56.94516499,60.19006215,62.86335779,64.34974319,65.17027856,64.49918109,62.3594569,62.04715902,62.78920486,65.19789224,70.06870822,72.54860408,70.43351833,66.88814354,66.04757456,66.75158961,67.46617705,69.13095935,71.1067902,72.74269728,74.76735798,75.7144753,76.26457197,84.54434734,80.09204345,78.05697938
Vanuatu,"Annual average of nonfinancial corporate debt, loans and debt securities (Percent of GDP)",,,,,,,,,,,,,,,,,,,,,,,,,,,,,,,,,,,,,,,,,,,,,,,,,,,,23.59080576,25.84040161,25.44164216,21.2915717,26.7291995,26.41426632,21.8214337,26.80661677,37.78208578,32.91080682,34.00239896,35.74789688,34.17745913,36.6478258,33.33691578,31.5813817,28.37580752,26.48068908,24.84728153,26.16932307,25.92888854,
